기준연도,학교종류,설립구분,지역,상태,대학원명,입학정원(A),지원자,Unnamed: 8,Unnamed: 9,Unnamed: 10,Unnamed: 11,입학자,Unnamed: 13,Unnamed: 14,Unnamed: 15,Unnamed: 16
,,,,,,,계,정원내,,정원외,,계,정원내(B),,정원외,
,,,,,,,,남,여,남,여,,남,여,남,여
2024.0,특수대학원,사립,경남,기존,가야대학교 보건대학원(김해) ,15.0,11,1,10,0,0,10,0,10,0,0
2024.0,일반대학원,사립,경남,기존,가야대학교 일반대학원(김해) ,13.0,5,2,3,0,0,5,2,3,0,0
2024.0,특수대학원,사립,경남,기존,가야대학교 항만물류대학원 ,20.0,0,0,0,0,0,0,0,0,0,0
2024.0,특수대학원,사립,경남,기존,가야대학교 행정대학원(김해) ,30.0,25,5,20,0,0,23,4,19,0,0
2024.0,특수대학원,사립,경기,기존,가천대학교 경영대학원 ,68.0,168,69,22,44,33,149,64,21,35,29
2024.0,특수대학원,사립,경기,기존,가천대학교 교육대학원 ,100.0,231,39,192,0,0,116,23,93,0,0
2024.0,특수대학원,사립,인천,기존,가천대학교 보건대학원 ,30.0,57,19,36,2,0,32,11,19,2,0
2024.0,특수대학원,사립,경기,기존,가천대학교 사회정책대학원 ,40.0,56,31,22,3,0,47,27,18,2,0
2024.0,일반대학원,사립,경기,기존,가천대학교 일반대학원 ,778.0,1725,312,275,365,773,1185,265,205,193,522
2024.0,특수대학원,사립,경기,기존,가천대학교 특수치료대학원 ,115.0,343,43,300,0,0,122,20,102,0,0
2024.0,특수대학원,사립,강원,기존,가톨릭관동대학교 경영행정・창업대학원 ,50.0,36,16,13,3,4,29,14,11,1,3
2024.0,특수대학원,사립,강원,기존,가톨릭관동대학교 교육대학원 ,84.0,135,40,95,0,0,82,27,55,0,0
2024.0,특수대학원,사립,강원,기존,가톨릭관동대학교 사회복지대학원 ,40.0,57,10,45,1,1,42,9,31,1,1
2024.0,일반대학원,사립,강원,기존,가톨릭관동대학교 일반대학원 ,150.0,119,63,50,4,2,98,52,42,3,1
2024.0,일반대학원,사립,충북,신설,가톨릭꽃동네대학교 대학원 ,20.0,22,5,17,0,0,18,3,15,0,0
2024.0,특수대학원,사립,충북,신설,가톨릭꽃동네대학교 사회복지카리타스대학원 ,20.0,21,8,13,0,0,20,8,12,0,0
2024.0,특수대학원,사립,경기,기존,가톨릭대학교 경영대학원 ,10.0,70,5,13,28,24,42,5,13,14,10
2024.0,특수대학원,사립,경기,기존,가톨릭대학교 교육대학원 ,102.0,232,18,214,0,0,98,10,88,0,0
2024.0,특수대학원,사립,경기,기존,가톨릭대학교 교회법대학원 ,12.0,3,3,0,0,0,3,3,0,0,0
2024.0,특수대학원,사립,서울,기존,가톨릭대학교 교회음악대학원 _제3캠퍼스,15.0,9,1,8,0,0,8,1,7,0,0
2024.0,특수대학원,사립,경기,기존,가톨릭대학교 글로벌지식경영대학원 ,13.0,1,1,0,0,0,0,0,0,0,0
2024.0,일반대학원,사립,경기,기존,가톨릭대학교 대학원 ,243.0,871,149,338,153,231,369,65,141,68,95
2024.0,특수대학원,사립,경기,기존,가톨릭대학교 문화영성대학원 ,15.0,8,2,6,0,0,8,2,6,0,0
2024.0,특수대학원,사립,서울,기존,가톨릭대학교 보건의료경영대학원 _제2캠퍼스,105.0,172,47,124,0,1,102,27,74,0,1
2024.0,특수대학원,사립,경기,기존,가톨릭대학교 사회복지대학원 ,75.0,95,24,71,0,0,60,15,45,0,0
2024.0,특수대학원,사립,경기,기존,가톨릭대학교 상담심리대학원 ,90.0,457,93,363,0,1,95,16,78,0,1
2024.0,특수대학원,사립,서울,기존,가톨릭대학교 생명대학원 _제2캠퍼스,25.0,21,5,16,0,0,18,5,13,0,0
2024.0,일반대학원,사립,서울,기존,가톨릭대학교 일반대학원 _제2캠퍼스,283.0,378,137,236,3,2,281,113,165,2,1
2024.0,일반대학원,사립,서울,기존,가톨릭대학교 일반대학원 _제3캠퍼스,55.0,35,32,3,0,0,33,31,2,0,0
2024.0,특수대학원,사립,서울,기존,가톨릭대학교 임상간호대학원 _제2캠퍼스,45.0,303,18,285,0,0,45,4,41,0,0
2024.0,특수대학원,사립,서울,기존,가톨릭대학교 임상치과학대학원 _제2캠퍼스,20.0,23,14,9,0,0,16,10,6,0,0
2024.0,특수대학원,사립,경기,기존,가톨릭대학교 행정대학원 ,35.0,38,8,30,0,0,31,6,25,0,0
2024.0,일반대학원,사립,서울,기존,감리교신학대학교 대학원 ,62.0,87,62,25,0,0,62,40,22,0,0
2024.0,특수대학원,사립,서울,폐교,감리교신학대학교 목회신학대학원 ,50.0,53,27,25,0,1,44,22,21,0,1
2024.0,특수대학원,사립,서울,폐교,감리교신학대학교 신학대학원 ,146.0,145,86,59,0,0,125,74,51,0,0
2024.0,특수대학원,사립,경기,기존,강남대학교 교육대학원 ,80.0,126,7,119,0,0,88,5,83,0,0
2024.0,특수대학원,사립,경기,기존,강남대학교 국제대학원 ,20.0,0,0,0,0,0,0,0,0,0,0
2024.0,일반대학원,사립,경기,기존,강남대학교 대학원 ,90.0,72,35,37,0,0,55,25,30,0,0
2024.0,특수대학원,사립,경기,기존,강남대학교 융복합대학원 ,92.0,41,20,21,0,0,35,16,19,0,0
2024.0,특수대학원,사립,서울,기존,강서대학교 교육대학원 ,15.0,17,1,5,1,10,15,1,3,1,10
2024.0,특수대학원,사립,서울,기존,강서대학교 사회복지대학원 ,15.0,22,6,5,3,8,19,5,3,3,8
2024.0,특수대학원,사립,서울,기존,강서대학교 신학대학원 ,15.0,7,5,2,0,0,5,3,2,0,0
2024.0,일반대학원,사립,서울,기존,강서대학교 일반대학원 ,24.0,53,11,22,11,9,39,8,14,10,7
2024.0,특수대학원,국립,강원,기존,강원대학교 경영대학원 ,57.0,33,13,20,0,0,32,13,19,0,0
2024.0,특수대학원,국립,강원,기존,강원대학교 교육대학원 ,160.0,171,62,109,0,0,71,29,42,0,0
2024.0,특수대학원,국립,강원,기존,강원대학교 녹색생명산업정책대학원 ,30.0,26,14,12,0,0,22,13,9,0,0
2024.0,전문대학원,국립,강원,기존,강원대학교 방재전문대학원 _제2캠퍼스,40.0,15,14,1,0,0,15,14,1,0,0
2024.0,전문대학원,국립,강원,기존,강원대학교 법학전문대학원 ,40.0,230,107,123,0,0,42,23,19,0,0
2024.0,특수대학원,국립,강원,기존,강원대학교 산업과학대학원 _제2캠퍼스,46.0,28,19,9,0,0,28,19,9,0,0
2024.0,특수대학원,국립,강원,기존,강원대학교 산업대학원 ,47.0,24,21,3,0,0,16,15,1,0,0
2024.0,일반대학원,국립,강원,기존,강원대학교 일반대학원 ,926.0,1590,622,452,267,249,1228,518,365,166,179
2024.0,특수대학원,국립,강원,기존,강원대학교 정보과학・행정대학원 ,85.0,54,29,25,0,0,46,24,22,0,0
2024.0,전문대학원,사립,서울,기존,건국대학교 건축전문대학원 ,61.0,239,110,129,0,0,67,25,42,0,0
2024.0,전문대학원,사립,서울,기존,건국대학교 경영전문대학원 ,50.0,89,50,39,0,0,40,29,11,0,0
2024.0,특수대학원,사립,서울,기존,건국대학교 교육대학원 ,260.0,760,153,607,0,0,262,49,213,0,0
2024.0,특수대학원,사립,서울,기존,건국대학교 농축대학원 ,50.0,77,35,42,0,0,63,31,32,0,0
2024.0,전문대학원,사립,서울,기존,건국대학교 법학전문대학원 ,46.0,139,65,74,0,0,44,19,25,0,0
2024.0,특수대학원,사립,서울,기존,건국대학교 부동산대학원 ,200.0,827,605,222,0,0,200,151,49,0,0
2024.0,특수대학원,사립,서울,기존,건국대학교 산업대학원 ,90.0,167,49,96,19,3,88,31,48,7,2
2024.0,특수대학원,사립,서울,기존,건국대학교 수의방역대학원 ,10.0,24,17,7,0,0,18,11,7,0,0
2024.0,특수대학원,사립,서울,기존,건국대학교 언론홍보대학원 ,32.0,39,23,16,0,0,31,19,12,0,0
2024.0,특수대학원,사립,서울,기존,건국대학교 예술디자인대학원 ,90.0,157,32,125,0,0,89,18,71,0,0
2024.0,일반대학원,사립,서울,기존,건국대학교 일반대학원 ,917.0,1898,739,650,150,359,979,466,368,57,88
2024.0,특수대학원,사립,서울,기존,건국대학교 정보통신대학원 ,61.0,88,73,15,0,0,46,41,5,0,0
2024.0,특수대학원,사립,서울,기존,건국대학교 행정대학원 ,100.0,170,77,93,0,0,112,51,61,0,0
2024.0,특수대학원,사립,충북,기존,건국대학교(글로컬) 교육대학원 _분교,30.0,7,5,2,0,0,4,3,1,0,0
2024.0,일반대학원,사립,충북,기존,건국대학교(글로컬) 일반대학원 _분교,128.0,168,70,66,22,10,131,62,52,13,4
2024.0,특수대학원,사립,충북,기존,건국대학교(글로컬) 창의융합대학원 _분교,38.0,48,25,23,0,0,39,21,18,0,0
2024.0,특수대학원,사립,대전,기존,건양대학교 경영사회복지대학원 _제2캠퍼스,19.0,37,6,26,1,4,27,5,17,1,4
2024.0,특수대학원,사립,대전,폐교,건양대학교 군사경찰행정대학원 _제2캠퍼스,0.0,3,3,0,0,0,2,2,0,0,0
2024.0,특수대학원,사립,대전,기존,건양대학교 바이오융합대학원 _제2캠퍼스,12.0,11,6,5,0,0,11,6,5,0,0
2024.0,특수대학원,사립,대전,기존,건양대학교 보건복지대학원 _제2캠퍼스,68.0,104,26,78,0,0,68,20,48,0,0
2024.0,특수대학원,사립,대전,기존,건양대학교 상담대학원 _제2캠퍼스,25.0,42,4,37,1,0,26,1,24,1,0
2024.0,특수대학원,사립,대전,신설,건양대학교 안보대학원 _제2캠퍼스,17.0,18,14,3,1,0,18,14,3,1,0
2024.0,일반대학원,사립,대전,기존,건양대학교 일반대학원 _제2캠퍼스,143.0,197,54,108,27,8,158,44,80,28,6
2024.0,특수대학원,사립,경기,기존,경기대학교 공학대학원 ,56.0,56,52,4,0,0,46,43,3,0,0
2024.0,전문대학원,사립,서울,기존,경기대학교 관광전문대학원 ,70.0,63,23,40,0,0,47,17,30,0,0
2024.0,특수대학원,사립,경기,기존,경기대학교 교육대학원 ,250.0,476,69,407,0,0,250,32,218,0,0
2024.0,특수대학원,사립,서울,기존,경기대학교 대체의학대학원 ,61.0,84,34,49,0,1,69,26,42,0,1
2024.0,전문대학원,사립,서울,기존,경기대학교 서비스경영전문대학원 ,40.0,39,22,16,0,1,33,19,13,0,1
2024.0,특수대학원,사립,서울,기존,경기대학교 예술대학원 ,30.0,21,3,18,0,0,19,3,16,0,0
2024.0,일반대학원,사립,서울,기존,경기대학교 일반대학원 ,406.0,605,239,293,32,41,360,167,172,11,10
2024.0,전문대학원,사립,서울,기존,경기대학교 정치전문대학원 ,35.0,40,33,5,2,0,32,26,5,1,0
2024.0,특수대학원,사립,서울,기존,경기대학교 한류문화대학원 ,50.0,26,6,20,0,0,20,5,15,0,0
2024.0,특수대학원,사립,경기,기존,경기대학교 행정복지상담대학원 ,79.0,102,34,64,2,2,78,24,50,2,2
2024.0,특수대학원,사립,경남,기존,경남대학교 교육대학원 ,144.0,621,88,533,0,0,144,33,111,0,0
2024.0,일반대학원,사립,경남,기존,경남대학교 대학원 ,299.0,341,91,135,58,57,267,72,110,40,45
2024.0,특수대학원,사립,경남,기존,경남대학교 산업경영대학원 ,80.0,63,39,12,12,0,63,39,12,12,0
2024.0,특수대학원,사립,경남,기존,경남대학교 행정대학원 ,80.0,80,33,46,0,1,71,30,40,0,1
2024.0,특수대학원,국립,대구,기존,경북대학교 경영대학원 ,120.0,173,120,30,18,5,141,94,24,18,5
2024.0,특수대학원,국립,경북,기존,경북대학교 과학기술대학원 ,49.0,17,11,6,0,0,13,10,3,0,0
2024.0,특수대학원,국립,대구,기존,경북대학교 교육대학원 ,269.0,532,95,435,2,0,182,39,142,1,0
2024.0,특수대학원,국립,대구,기존,경북대학교 국제대학원 ,29.0,52,7,26,2,17,33,4,18,0,11
2024.0,전문대학원,국립,대구,기존,경북대학교 데이터사이언스대학원 ,50.0,99,54,45,0,0,50,30,20,0,0
2024.0,전문대학원,국립,대구,기존,경북대학교 법학전문대학원 ,130.0,740,289,398,28,25,138,58,80,0,0
2024.0,특수대학원,국립,대구,기존,경북대학교 보건대학원 ,40.0,73,12,61,0,0,40,10,30,0,0
2024.0,특수대학원,국립,대구,기존,경북대학교 사회정책대학원 ,70.0,76,23,53,0,0,52,13,39,0,0
2024.0,특수대학원,국립,대구,기존,경북대학교 산업대학원 ,85.0,107,81,25,1,0,72,56,15,1,0
2024.0,특수대학원,국립,대구,기존,경북대학교 수사과학대학원 ,30.0,126,19,105,2,0,30,2,27,1,0
2024.0,특수대학원,국립,대구,기존,경북대학교 스마트농생명식품융합대학원 ,38.0,36,21,15,0,0,24,11,13,0,0
2024.0,특수대학원,국립,대구,기존,경북대학교 식물방역대학원 ,10.0,6,5,1,0,0,3,3,0,0,0
2024.0,일반대학원,국립,대구,기존,경북대학교 일반대학원 ,1763.0,2871,1227,1033,287,324,1942,935,716,149,142
2024.0,특수대학원,국립,대구,기존,경북대학교 임상간호대학원 ,15.0,51,2,49,0,0,15,0,15,0,0
2024.0,특수대학원,국립,대구,기존,경북대학교 행정대학원 ,60.0,69,41,20,7,1,59,33,19,7,0
2024.0,특수대학원,국립,경남,기존,경상국립대학교 건축도시토목대학원 ,21.0,22,10,1,10,1,20,9,0,10,1
2024.0,특수대학원,국립,경남,기존,경상국립대학교 경영대학원 ,50.0,25,11,14,0,0,19,7,12,0,0
2024.0,특수대학원,국립,경남,기존,경상국립대학교 교육대학원 ,184.0,193,56,137,0,0,124,40,84,0,0
2024.0,일반대학원,국립,경남,기존,경상국립대학교 대학원 ,899.0,1221,542,489,122,68,971,444,381,91,55
2024.0,특수대학원,국립,경남,기존,경상국립대학교 보건대학원 ,20.0,24,3,21,0,0,17,1,16,0,0
2024.0,특수대학원,국립,경남,기존,경상국립대학교 산업복지대학원 ,35.0,26,10,16,0,0,23,9,14,0,0
2024.0,특수대학원,국립,경남,기존,경상국립대학교 스마트미래농업대학원 ,7.0,12,10,2,0,0,7,6,1,0,0
2024.0,특수대학원,국립,경남,기존,경상국립대학교 융합과학기술대학원 ,44.0,80,24,10,41,5,65,18,9,36,2
2024.0,특수대학원,국립,경남,기존,경상국립대학교 창업대학원 ,28.0,54,20,18,7,9,44,16,16,5,7
2024.0,특수대학원,국립,경남,기존,경상국립대학교 항공우주특성화대학원 ,23.0,29,24,3,1,1,19,18,0,0,1
2024.0,특수대학원,국립,경남,기존,경상국립대학교 행정대학원 ,51.0,48,21,26,1,0,36,17,18,1,0
2024.0,특수대학원,사립,부산,기존,경성대학교 교육대학원 ,100.0,36,0,36,0,0,20,0,20,0,0
2024.0,특수대학원,사립,부산,기존,경성대학교 사회복지대학원 ,30.0,14,5,9,0,0,13,5,8,0,0
2024.0,일반대학원,사립,부산,기존,경성대학교 일반대학원 ,268.0,745,62,97,372,214,338,53,81,107,97
2024.0,특수대학원,사립,경북,기존,경운대학교 사회복지대학원 ,25.0,57,6,39,0,12,38,3,23,0,12
2024.0,특수대학원,사립,경북,기존,경운대학교 산업정보대학원 ,15.0,22,10,8,2,2,19,7,8,2,2
2024.0,일반대학원,사립,경북,기존,경운대학교 일반대학원 ,40.0,72,28,22,11,11,54,26,12,10,6
2024.0,전문대학원,국립,인천,기존,경인교육대학교 교육전문대학원 ,665.0,693,151,532,0,10,514,117,390,0,7
2024.0,특수대학원,사립,경북,기존,경일대학교 K-글로벌대학원 ,2.0,105,0,0,55,50,93,0,0,46,47
2024.0,일반대학원,사립,경북,기존,경일대학교 일반대학원 ,84.0,264,47,25,126,66,212,42,19,95,56
2024.0,특수대학원,사립,서울,기존,경희대학교 간호대학원 ,20.0,57,7,50,0,0,20,3,17,0,0
2024.0,특수대학원,사립,서울,기존,경희대학교 경영대학원 ,221.0,1373,177,200,414,582,805,120,123,267,295
2024.0,특수대학원,사립,서울,기존,경희대학교 공공대학원 ,110.0,174,27,118,15,14,130,12,91,15,12
2024.0,특수대학원,사립,서울,기존,경희대학교 관광대학원 ,78.0,136,58,76,0,2,83,41,41,0,1
2024.0,특수대학원,사립,서울,기존,경희대학교 교육대학원 ,334.0,748,128,620,0,0,353,51,302,0,0
2024.0,전문대학원,사립,경기,기존,경희대학교 국제대학원 ,52.0,116,11,23,28,54,45,10,13,8,14
2024.0,일반대학원,사립,서울,기존,경희대학교 대학원 ,1456.0,3310,1015,1256,264,775,1750,678,701,109,262
2024.0,전문대학원,사립,경기,기존,경희대학교 동서의학대학원 ,70.0,145,42,83,7,13,89,22,47,7,13
2024.0,특수대학원,사립,서울,기존,경희대학교 미디어커뮤니케이션대학원 ,42.0,215,12,29,19,155,103,6,13,10,74
2024.0,특수대학원,사립,서울,기존,경희대학교 법무대학원 ,15.0,30,15,11,3,1,16,10,2,3,1
2024.0,전문대학원,사립,서울,기존,경희대학교 법학전문대학원 ,70.0,288,186,102,0,0,70,50,20,0,0
2024.0,특수대학원,사립,경기,기존,경희대학교 아트퓨전디자인대학원 ,40.0,73,23,29,6,15,49,15,23,3,8
2024.0,전문대학원,사립,경기,기존,경희대학교 체육대학원 ,55.0,141,83,55,2,1,57,35,22,0,0
2024.0,특수대학원,사립,경기,기존,경희대학교 테크노경영대학원 ,97.0,1119,61,26,502,530,630,53,21,276,280
2024.0,특수대학원,사립,경기,기존,경희대학교 평화복지대학원 ,28.0,16,8,4,3,1,16,8,4,3,1
2024.0,특수대학원,사립,서울,기존,경희사이버대학교 문화창조대학원 ,96.0,248,79,153,9,7,97,35,53,6,3
2024.0,특수대학원,사립,서울,기존,경희사이버대학교 호텔관광대학원 ,44.0,48,24,22,1,1,39,19,19,0,1
2024.0,특수대학원,사립,대구,기존,계명대학교 경영대학원 ,50.0,80,36,44,0,0,54,23,31,0,0
2024.0,특수대학원,사립,대구,기존,계명대학교 교육대학원 ,145.0,375,58,317,0,0,141,19,122,0,0
2024.0,특수대학원,사립,대구,기존,계명대학교 글로벌창업대학원 ,45.0,51,21,18,6,6,43,19,16,5,3
2024.0,일반대학원,사립,대구,기존,계명대학교 대학원 ,630.0,924,197,410,151,166,619,160,263,77,119
2024.0,특수대학원,사립,대구,폐교,계명대학교 스포츠산업대학원 ,0.0,3,3,0,0,0,3,3,0,0,0
2024.0,특수대학원,사립,대구,기존,계명대학교 스포츠융합과학대학원 ,30.0,5,4,1,0,0,3,2,1,0,0
2024.0,특수대학원,사립,대구,기존,계명대학교 연합신학대학원 ,40.0,18,9,9,0,0,17,9,8,0,0
2024.0,특수대학원,사립,대구,기존,계명대학교 예술대학원 ,40.0,48,11,37,0,0,33,8,25,0,0
2024.0,특수대학원,사립,대구,기존,계명대학교 유아교육대학원 ,40.0,30,1,29,0,0,19,1,18,0,0
2024.0,특수대학원,사립,대구,기존,계명대학교 정책대학원 ,45.0,22,3,19,0,0,14,2,12,0,0
2024.0,전문대학원,사립,서울,기존,고려대학교 KU-KIST융합대학원 ,67.0,142,75,64,1,2,74,38,35,0,1
2024.0,특수대학원,사립,서울,신설,고려대학교 SW・AI융합대학원 ,121.0,280,192,88,0,0,70,50,19,1,0
2024.0,전문대학원,사립,서울,기존,고려대학교 경영전문대학원 ,335.0,890,552,271,23,44,360,218,113,10,19
2024.0,특수대학원,사립,서울,기존,고려대학교 공학대학원 ,51.0,135,103,32,0,0,56,42,13,1,0
2024.0,특수대학원,사립,서울,기존,고려대학교 교육대학원 ,443.0,867,197,668,0,2,401,89,311,0,1
2024.0,전문대학원,사립,서울,기존,고려대학교 국제대학원 ,64.0,342,29,85,53,175,144,16,39,16,73
2024.0,전문대학원,사립,서울,기존,고려대학교 기술경영전문대학원 ,79.0,289,199,80,8,2,82,49,26,6,1
2024.0,특수대학원,사립,서울,기존,고려대학교 노동대학원 ,77.0,272,181,91,0,0,71,44,27,0,0
2024.0,일반대학원,사립,서울,기존,고려대학교 대학원 ,2402.0,5797,2486,2216,284,811,2651,1227,1069,119,236
2024.0,특수대학원,사립,서울,기존,고려대학교 미디어대학원 ,77.0,132,45,87,0,0,71,25,46,0,0
2024.0,특수대학원,사립,서울,기존,고려대학교 법무대학원 ,86.0,164,103,60,1,0,71,43,28,0,0
2024.0,전문대학원,사립,서울,기존,고려대학교 법학전문대학원 ,130.0,388,227,161,0,0,132,75,57,0,0
2024.0,특수대학원,사립,서울,기존,고려대학교 보건대학원 ,64.0,149,25,124,0,0,60,8,52,0,0
2024.0,특수대학원,사립,서울,기존,고려대학교 생명환경과학대학원 ,73.0,112,40,72,0,0,72,26,46,0,0
2024.0,특수대학원,사립,서울,신설,고려대학교 심리융합과학대학원 ,40.0,102,28,74,0,0,41,10,31,0,0
2024.0,전문대학원,사립,서울,기존,고려대학교 에너지환경대학원(그린스쿨) ,57.0,120,53,50,12,5,64,26,27,8,3
2024.0,특수대학원,사립,서울,신설,고려대학교 융합데이터과학대학원 ,20.0,586,43,28,305,210,39,10,10,8,11
2024.0,특수대학원,사립,서울,기존,고려대학교 임상치의학대학원 ,16.0,21,13,7,1,0,18,12,6,0,0
2024.0,전문대학원,사립,서울,기존,고려대학교 정보보호대학원 ,94.0,262,136,69,39,18,118,57,30,25,6
2024.0,특수대학원,사립,서울,기존,고려대학교 정책대학원 ,115.0,153,95,54,2,2,100,63,34,1,2
2024.0,특수대학원,사립,서울,폐교,고려대학교 컴퓨터정보통신대학원 ,0.0,217,133,51,28,5,67,28,6,28,5
2024.0,특수대학원,사립,세종,기존,고려대학교(세종) 문화스포츠대학원 _분교,41.0,49,10,39,0,0,28,8,20,0,0
2024.0,특수대학원,사립,세종,기존,고려대학교(세종) 융합과학대학원 _분교,58.0,54,32,22,0,0,41,26,15,0,0
2024.0,일반대학원,사립,세종,기존,고려대학교(세종) 일반대학원 _분교,255.0,367,171,126,35,35,235,111,87,20,17
2024.0,특수대학원,사립,세종,기존,고려대학교(세종) 창업경영대학원 _분교,46.0,49,35,14,0,0,40,29,11,0,0
2024.0,전문대학원,사립,세종,기존,고려대학교(세종) 행정전문대학원 _분교,55.0,61,38,21,1,1,33,19,14,0,0
2024.0,특수대학원,사립,서울,기존,고려사이버대학교 융합정보대학원 ,64.0,97,53,37,6,1,70,37,27,5,1
2024.0,특수대학원,사립,부산,기존,고신대학교 교육대학원 ,17.0,14,1,13,0,0,11,1,10,0,0
2024.0,특수대학원,사립,부산,기존,고신대학교 교회음악대학원 ,38.0,17,2,14,1,0,16,2,14,0,0
2024.0,특수대학원,사립,부산,기존,고신대학교 기독교상담대학원 ,25.0,17,4,12,0,1,16,3,12,0,1
2024.0,일반대학원,사립,부산,기존,고신대학교 대학원 ,160.0,120,49,69,0,2,82,39,42,0,1
2024.0,특수대학원,사립,부산,기존,고신대학교 보건대학원 ,40.0,22,2,20,0,0,22,2,20,0,0
2024.0,특수대학원,사립,부산,기존,고신대학교 선교목회대학원 ,28.0,8,5,0,3,0,7,5,0,2,0
2024.0,특수대학원,사립,충남,기존,고신대학교 신학대학원 ,154.0,174,144,27,2,1,134,111,20,2,1
2024.0,특수대학원,국립,충남,기존,공주교육대학교 교육대학원 ,230.0,287,51,191,32,13,239,44,151,31,13
2024.0,특수대학원,사립,광주,기존,광신대학교 국제대학원 ,20.0,36,7,24,4,1,29,6,18,4,1
2024.0,일반대학원,사립,광주,기존,광신대학교 대학원 ,86.0,88,25,63,0,0,77,20,57,0,0
2024.0,특수대학원,사립,광주,기존,광신대학교 사회복지대학원 ,25.0,27,10,17,0,0,23,10,13,0,0
2024.0,특수대학원,사립,광주,기존,광신대학교 상담치료대학원 ,65.0,70,14,56,0,0,58,12,46,0,0
2024.0,특수대학원,사립,광주,기존,광신대학교 신학대학원 ,57.0,75,49,25,1,0,60,39,20,1,0
2024.0,특수대학원,사립,광주,기존,광신대학교 음악대학원 ,14.0,15,4,11,0,0,14,4,10,0,0
2024.0,특수대학원,사립,서울,기존,광운대학교 건설법무대학원 ,40.0,42,38,4,0,0,34,31,3,0,0
2024.0,특수대학원,사립,서울,기존,광운대학교 경영대학원 ,75.0,132,51,27,48,6,104,33,17,47,7
2024.0,특수대학원,사립,서울,기존,광운대학교 교육대학원 ,105.0,172,18,154,0,0,105,14,91,0,0
2024.0,일반대학원,사립,서울,기존,광운대학교 대학원 ,340.0,610,302,127,111,70,396,213,91,62,30
2024.0,특수대학원,사립,서울,기존,광운대학교 상담복지정책대학원 ,90.0,129,24,105,0,0,85,15,70,0,0
2024.0,특수대학원,사립,서울,기존,광운대학교 스마트융합대학원 ,50.0,83,25,10,40,8,56,24,9,20,3
2024.0,특수대학원,사립,서울,기존,광운대학교 환경대학원 ,30.0,22,14,8,0,0,16,11,5,0,0
2024.0,일반대학원,사립,전남,기존,광주가톨릭대학교 대학원 ,30.0,19,19,0,0,0,19,19,0,0,0
2024.0,일반대학원,특별법법인,광주,기존,광주과학기술원 일반대학원 ,440.0,2234,1441,755,22,16,413,243,143,16,11
2024.0,특수대학원,국립,광주,기존,광주교육대학교 교육대학원 ,302.0,181,64,117,0,0,149,53,96,0,0
2024.0,특수대학원,사립,광주,기존,광주대학교 보건상담정책대학원 ,60.0,94,17,69,0,8,64,12,45,0,7
2024.0,전문대학원,사립,광주,기존,광주대학교 사회복지전문대학원 ,35.0,44,16,27,0,1,39,14,25,0,0
2024.0,일반대학원,사립,광주,기존,광주대학교 일반대학원 ,105.0,179,77,76,6,20,121,53,52,6,10
2024.0,특수대학원,사립,광주,기존,광주여자대학교 교육대학원 ,35.0,47,2,45,0,0,30,1,29,0,0
2024.0,특수대학원,사립,광주,기존,광주여자대학교 사회개발대학원 ,30.0,67,2,40,7,18,52,1,29,5,17
2024.0,일반대학원,사립,광주,기존,광주여자대학교 일반대학원 ,35.0,77,6,52,5,14,53,3,33,5,12
2024.0,특수대학원,국립,강원,기존,국립강릉원주대학교 경영정책과학대학원 ,29.0,13,3,8,1,1,10,3,5,1,1
2024.0,특수대학원,국립,강원,기존,국립강릉원주대학교 경영정책과학대학원 _제2캠퍼스,12.0,7,3,4,0,0,5,3,2,0,0
2024.0,특수대학원,국립,강원,기존,국립강릉원주대학교 교육대학원 ,86.0,77,19,58,0,0,48,16,32,0,0
2024.0,특수대학원,국립,강원,기존,국립강릉원주대학교 교육대학원 _제2캠퍼스,26.0,21,3,18,0,0,18,1,17,0,0
2024.0,일반대학원,국립,강원,기존,국립강릉원주대학교 대학원 ,159.0,245,99,88,23,35,198,77,73,23,25
2024.0,일반대학원,국립,강원,기존,국립강릉원주대학교 대학원 _제2캠퍼스,38.0,35,12,23,0,0,24,7,13,3,1
2024.0,특수대학원,국립,강원,기존,국립강릉원주대학교 산업대학원 ,21.0,6,6,0,0,0,6,6,0,0,0
2024.0,특수대학원,국립,강원,기존,국립강릉원주대학교 산업대학원 _제2캠퍼스,13.0,14,11,3,0,0,8,7,1,0,0
2024.0,특수대학원,국립,경북,기존,국립경국대학교 교육대학원 ,92.0,92,38,54,0,0,49,22,27,0,0
2024.0,일반대학원,국립,경북,기존,국립경국대학교 일반대학원 ,197.0,247,88,116,28,15,194,72,92,20,10
2024.0,전문대학원,국립,경북,기존,국립경국대학교 한국문화산업전문대학원 ,30.0,24,8,15,0,1,20,5,14,0,1
2024.0,특수대학원,국립,경북,기존,국립경국대학교 행정경영대학원 ,50.0,27,15,12,0,0,21,13,8,0,0
2024.0,특수대학원,국립,충남,기존,국립공주대학교 경영대학원 ,32.0,30,19,11,0,0,24,14,10,0,0
2024.0,특수대학원,국립,충남,기존,국립공주대학교 교육대학원 ,242.0,753,145,608,0,0,219,39,180,0,0
2024.0,특수대학원,국립,충남,기존,국립공주대학교 국가사회안전대학원 ,40.0,54,40,10,4,0,44,33,7,4,0
2024.0,일반대학원,국립,충남,기존,국립공주대학교 대학원 ,588.0,918,370,358,126,64,642,261,274,66,41
2024.0,특수대학원,국립,충남,기존,국립공주대학교 문화유산대학원 ,30.0,21,7,14,0,0,21,8,13,0,0
2024.0,특수대학원,국립,충남,기존,국립공주대학교 산업과학대학원 ,34.0,55,34,21,0,0,34,22,12,0,0
2024.0,전문대학원,국립,충남,기존,국립공주대학교 정책융합전문대학원 ,40.0,56,33,23,0,0,25,15,10,0,0
2024.0,특수대학원,국립,충남,기존,국립공주대학교 테크노융합대학원 ,29.0,44,37,7,0,0,32,27,5,0,0
2024.0,특수대학원,국립,충남,기존,국립공주대학교 특수교육대학원 ,70.0,234,32,202,0,0,70,14,56,0,0
2024.0,특수대학원,국립,전북,기존,국립군산대학교 경영행정대학원 ,30.0,5,2,3,0,0,4,2,2,0,0
2024.0,특수대학원,국립,전북,기존,국립군산대학교 교육대학원 ,62.0,68,21,42,0,5,41,14,22,0,5
2024.0,일반대학원,국립,전북,기존,국립군산대학교 대학원 ,288.0,462,107,111,158,86,399,95,96,134,74
2024.0,특수대학원,국립,전북,기존,국립군산대학교 산업대학원 ,50.0,31,21,10,0,0,29,20,9,0,0
2024.0,특수대학원,국립,경북,기존,국립금오공과대학교 교육대학원 ,50.0,21,10,11,0,0,17,7,10,0,0
2024.0,일반대학원,국립,경북,기존,국립금오공과대학교 대학원 ,204.0,293,172,67,38,16,233,142,60,21,10
2024.0,특수대학원,국립,경북,기존,국립금오공과대학교 산업대학원 ,78.0,71,58,13,0,0,51,43,8,0,0
2024.0,특수대학원,국립,경북,기존,국립금오공과대학교 컨설팅대학원 ,32.0,17,12,5,0,0,17,12,5,0,0
2024.0,특수대학원,국립,전남,기존,국립목포대학교 경영행정대학원 ,50.0,46,27,19,0,0,41,23,18,0,0
2024.0,특수대학원,국립,전남,기존,국립목포대학교 교육대학원 ,127.0,129,28,101,0,0,54,11,43,0,0
2024.0,일반대학원,국립,전남,기존,국립목포대학교 대학원 ,297.0,277,134,132,5,6,214,106,101,4,3
2024.0,특수대학원,국립,전남,신설,국립목포대학교 산업대학원 ,26.0,8,6,2,0,0,8,6,2,0,0
2024.0,일반대학원,국립,전남,기존,국립목포해양대학교 대학원 ,50.0,48,37,8,3,0,39,31,7,1,0
2024.0,특수대학원,국립,전남,기존,국립목포해양대학교 해양산업대학원 ,12.0,5,5,0,0,0,4,4,0,0,0
2024.0,특수대학원,국립,부산,기존,국립부경대학교 경영대학원 ,107.0,69,41,28,0,0,69,41,28,0,0
2024.0,특수대학원,국립,부산,기존,국립부경대학교 교육대학원 ,120.0,103,12,91,0,0,63,8,55,0,0
2024.0,특수대학원,국립,부산,기존,국립부경대학교 글로벌수산대학원 ,24.0,35,17,3,10,5,34,16,3,10,5
2024.0,특수대학원,국립,부산,기존,국립부경대학교 글로벌정책대학원 ,58.0,48,14,24,2,8,23,8,11,0,4
2024.0,전문대학원,국립,부산,기존,국립부경대학교 기술경영전문대학원 ,38.0,101,41,17,16,27,74,27,9,14,24
2024.0,일반대학원,국립,부산,기존,국립부경대학교 대학원 ,728.0,1231,391,351,241,248,920,348,291,121,160
2024.0,특수대학원,국립,부산,기존,국립부경대학교 산업대학원 ,88.0,146,92,52,2,0,85,57,26,2,0
2024.0,특수대학원,국립,전남,기존,국립순천대학교 경영행정대학원 ,40.0,13,6,7,0,0,8,5,3,0,0
2024.0,특수대학원,국립,전남,기존,국립순천대학교 교육대학원 ,136.0,112,27,85,0,0,54,16,38,0,0
2024.0,특수대학원,국립,전남,기존,국립순천대학교 사회문화예술대학원 ,30.0,23,12,11,0,0,17,10,7,0,0
2024.0,특수대학원,국립,전남,기존,국립순천대학교 산업대학원 ,30.0,5,3,2,0,0,5,3,2,0,0
2024.0,일반대학원,국립,전남,기존,국립순천대학교 일반대학원 ,255.0,338,142,136,31,29,267,118,102,22,25
2024.0,특수대학원,국립,경남,기존,국립창원대학교 경영대학원 ,95.0,58,29,29,0,0,44,21,23,0,0
2024.0,특수대학원,국립,경남,기존,국립창원대학교 교육대학원 ,63.0,86,21,65,0,0,47,13,34,0,0
2024.0,일반대학원,국립,경남,기존,국립창원대학교 대학원 ,438.0,532,233,210,47,42,438,203,163,40,32
2024.0,특수대학원,국립,경남,기존,국립창원대학교 보건대학원 ,35.0,29,8,21,0,0,23,3,20,0,0
2024.0,특수대학원,국립,경남,기존,국립창원대학교 사회복지대학원 ,30.0,27,7,20,0,0,27,7,20,0,0
2024.0,특수대학원,국립,경남,기존,국립창원대학교 산업대학원 ,108.0,107,76,31,0,0,82,62,20,0,0
2024.0,특수대학원,국립,경남,기존,국립창원대학교 행정대학원 ,65.0,13,7,6,0,0,9,5,4,0,0
2024.0,특수대학원,국립,충북,기존,국립한국교통대학교 교육대학원 ,25.0,28,5,23,0,0,28,5,23,0,0
2024.0,전문대학원,국립,충북,기존,국립한국교통대학교 교통대학원 ,30.0,57,32,7,18,0,45,23,4,18,0
2024.0,특수대학원,국립,충북,기존,국립한국교통대학교 글로벌융합대학원 ,72.0,68,52,10,1,5,61,46,10,1,4
2024.0,일반대학원,국립,충북,기존,국립한국교통대학교 대학원 ,153.0,194,123,51,10,10,161,104,41,9,7
2024.0,특수대학원,국립,부산,기존,국립한국해양대학교 글로벌물류대학원 ,25.0,31,26,5,0,0,21,20,1,0,0
2024.0,일반대학원,국립,부산,기존,국립한국해양대학교 대학원 ,236.0,371,229,77,47,18,299,187,64,35,13
2024.0,특수대학원,국립,부산,기존,국립한국해양대학교 해사산업대학원 ,30.0,120,30,5,69,16,98,17,3,63,15
2024.0,전문대학원,국립,부산,기존,국립한국해양대학교 해양과학기술전문대학원 ,27.0,38,16,15,6,1,21,9,10,2,0
2024.0,특수대학원,국립,부산,기존,국립한국해양대학교 해양금융대학원 ,30.0,49,33,16,0,0,32,20,12,0,0
2024.0,특수대학원,국립,대전,기존,국립한밭대학교 산업대학원 ,46.0,101,43,10,29,19,79,34,7,24,14
2024.0,전문대학원,국립,대전,신설,국립한밭대학교 소프트웨어융합대학원 ,38.0,46,27,12,3,4,36,23,10,1,2
2024.0,일반대학원,국립,대전,기존,국립한밭대학교 일반대학원 ,130.0,222,104,49,39,30,162,84,41,21,16
2024.0,특수대학원,국립,대전,기존,국립한밭대학교 창업경영대학원 ,42.0,72,21,21,23,7,62,15,18,22,7
2024.0,특수대학원,사립,서울,기존,국민대학교 경영대학원 ,127.0,322,90,98,77,57,193,58,54,46,35
2024.0,특수대학원,사립,서울,기존,국민대학교 교육대학원 ,198.0,603,105,498,0,0,164,31,133,0,0
2024.0,특수대학원,사립,서울,기존,국민대학교 글로벌 창업벤처대학원 ,35.0,49,16,14,12,7,39,14,13,8,4
2024.0,일반대학원,사립,서울,기존,국민대학교 대학원 ,505.0,1685,359,438,386,502,742,233,237,120,152
2024.0,특수대학원,사립,서울,기존,국민대학교 디자인대학원 ,70.0,101,31,70,0,0,56,23,32,0,1
2024.0,특수대학원,사립,서울,기존,국민대학교 법무대학원 ,56.0,35,23,12,0,0,25,20,5,0,0
2024.0,전문대학원,사립,서울,기존,국민대학교 비즈니스IT전문대학원 ,43.0,88,56,24,7,1,43,25,13,5,0
2024.0,특수대학원,사립,서울,기존,국민대학교 소프트웨어융합대학원 ,63.0,129,96,29,4,0,57,38,15,4,0
2024.0,특수대학원,사립,서울,기존,국민대학교 스포츠산업대학원 ,38.0,116,13,10,74,19,113,13,10,71,19
2024.0,전문대학원,사립,서울,폐교,국민대학교 자동차공학전문대학원 ,0.0,22,19,2,1,0,6,5,1,0,0
2024.0,전문대학원,사립,서울,신설,국민대학교 자동차모빌리티대학원 ,58.0,48,40,8,0,0,46,38,8,0,0
2024.0,특수대학원,사립,서울,기존,국민대학교 자동차산업대학원 ,20.0,12,11,1,0,0,11,10,1,0,0
2024.0,특수대학원,사립,서울,기존,국민대학교 정치대학원 ,55.0,54,39,12,2,1,42,31,10,1,0
2024.0,특수대학원,사립,서울,기존,국민대학교 종합예술대학원 ,53.0,59,10,49,0,0,41,6,35,0,0
2024.0,전문대학원,사립,서울,기존,국민대학교 테크노디자인전문대학원 ,91.0,238,42,95,51,50,119,21,56,26,16
2024.0,특수대학원,사립,서울,기존,국민대학교 행정대학원 ,48.0,64,20,43,1,0,44,16,27,1,0
2024.0,특수대학원,사립,충북,기존,극동대학교 교육대학원 ,35.0,48,17,23,3,5,45,16,21,3,5
2024.0,특수대학원,사립,충북,기존,극동대학교 글로벌대학원 ,2.0,38,7,9,19,3,20,1,1,12,6
2024.0,일반대학원,사립,충북,기존,극동대학교 일반대학원 ,60.0,71,35,19,12,5,48,31,12,2,3
2024.0,일반대학원,사립,충남,기존,금강대학교 일반대학원 ,15.0,8,5,3,0,0,6,4,2,0,0
2024.0,특수대학원,사립,경북,기존,김천대학교 글로컬휴먼대학원 ,10.0,1,1,0,0,0,0,0,0,0,0
2024.0,일반대학원,사립,경북,기존,김천대학교 대학원 ,30.0,96,13,11,30,42,77,7,7,27,36
2024.0,특수대학원,사립,경북,기존,김천대학교 사회문화대학원 ,7.0,4,0,3,1,0,3,0,3,0,0
2024.0,특수대학원,사립,충남,기존,나사렛대학교 미래재활복지대학원 ,33.0,69,20,23,10,16,35,11,17,0,7
2024.0,특수대학원,사립,충남,기존,나사렛대학교 사회복지대학원 ,8.0,7,1,6,0,0,7,1,6,0,0
2024.0,특수대학원,사립,충남,기존,나사렛대학교 신학대학원 ,33.0,15,2,11,0,2,13,2,10,0,1
2024.0,일반대학원,사립,충남,기존,나사렛대학교 일반대학원 ,37.0,45,9,35,0,1,34,8,25,0,1
2024.0,특수대학원,사립,광주,기존,남부대학교 교육대학원 ,60.0,162,21,141,0,0,58,9,49,0,0
2024.0,특수대학원,사립,광주,기존,남부대학교 문화복지대학원 ,40.0,63,31,31,0,1,56,21,35,0,0
2024.0,일반대학원,사립,광주,기존,남부대학교 일반대학원 ,60.0,109,24,56,25,4,88,19,42,23,4
2024.0,특수대학원,사립,충남,기존,남서울대학교 국제대학원 ,10.0,229,3,2,172,52,92,3,2,66,21
2024.0,일반대학원,사립,충남,기존,남서울대학교 일반대학원 ,80.0,305,34,176,46,49,138,15,56,35,32
2024.0,특수대학원,사립,충남,기존,남서울대학교 특수대학원 ,90.0,266,24,52,107,83,207,22,34,81,70
2024.0,특수대학원,사립,경기,기존,단국대학교 경영대학원 ,120.0,168,93,54,13,8,120,65,39,13,3
2024.0,특수대학원,사립,경기,기존,단국대학교 교육대학원 ,128.0,245,62,183,0,0,91,25,66,0,0
2024.0,특수대학원,사립,충남,기존,단국대학교 교육대학원 _제2캠퍼스,30.0,47,27,20,0,0,27,12,15,0,0
2024.0,특수대학원,사립,경기,기존,단국대학교 문화예술대학원 ,155.0,118,40,52,5,21,61,23,28,0,10
2024.0,특수대학원,사립,충남,기존,단국대학교 보건복지대학원 _제2캠퍼스,65.0,112,26,86,0,0,66,16,50,0,0
2024.0,특수대학원,사립,경기,기존,단국대학교 부동산・건설대학원 ,100.0,129,95,31,2,1,92,69,21,1,1
2024.0,특수대학원,사립,충남,기존,단국대학교 스포츠과학대학원 _제2캠퍼스,30.0,36,26,10,0,0,23,19,4,0,0
2024.0,일반대학원,사립,경기,기존,단국대학교 일반대학원 ,694.0,1424,412,457,226,329,823,303,296,86,138
2024.0,일반대학원,사립,충남,기존,단국대학교 일반대학원 _제2캠퍼스,332.0,425,159,213,27,26,293,113,153,15,12
2024.0,특수대학원,사립,경기,기존,단국대학교 정보융합기술・창업대학원 ,83.0,85,40,20,22,3,66,34,12,18,2
2024.0,특수대학원,사립,충남,기존,단국대학교 정책경영대학원 _제2캠퍼스,60.0,70,33,37,0,0,46,22,24,0,0
2024.0,특수대학원,사립,경기,기존,단국대학교 특수교육대학원 ,110.0,250,37,213,0,0,113,18,95,0,0
2024.0,특수대학원,사립,경기,기존,단국대학교 행정법무대학원 ,140.0,178,52,124,1,1,123,37,86,0,0
2024.0,특수대학원,사립,대구,기존,대구가톨릭대학교 경영대학원 ,28.0,22,13,8,1,0,16,10,5,1,0
2024.0,특수대학원,사립,경북,기존,대구가톨릭대학교 교육대학원 ,54.0,191,32,159,0,0,47,9,38,0,0
2024.0,일반대학원,사립,경북,기존,대구가톨릭대학교 대학원 ,372.0,586,159,297,64,66,445,127,218,47,53
2024.0,특수대학원,사립,대구,기존,대구가톨릭대학교 사회복지대학원 ,24.0,21,4,17,0,0,15,2,13,0,0
2024.0,특수대학원,사립,대구,폐교,대구가톨릭대학교 사회적경제경영대학원 ,0.0,6,5,0,0,1,6,5,0,0,1
2024.0,특수대학원,사립,대구,기존,대구가톨릭대학교 상담대학원 ,60.0,77,10,67,0,0,53,7,46,0,0
2024.0,특수대학원,사립,대구,기존,대구가톨릭대학교 신학대학원 ,10.0,9,2,7,0,0,9,2,7,0,0
2024.0,특수대학원,사립,대구,폐교,대구가톨릭대학교 예술대학원 ,0.0,4,0,4,0,0,4,0,4,0,0
2024.0,특수대학원,사립,대구,기존,대구가톨릭대학교 유스티노자유대학원 ,32.0,46,9,37,0,0,36,8,28,0,0
2024.0,특수대학원,사립,경북,기존,대구가톨릭대학교 유아교육대학원 ,17.0,18,0,18,0,0,13,0,13,0,0
2024.0,특수대학원,사립,경북,기존,대구가톨릭대학교 의료보건산업대학원 ,118.0,155,41,114,0,0,103,32,71,0,0
2024.0,일반대학원,특별법법인,대구,기존,대구경북과학기술원 일반대학원 ,330.0,648,437,189,19,3,269,177,84,7,1
2024.0,특수대학원,국립,대구,기존,대구교육대학교 교육대학원 ,373.0,360,100,260,0,0,237,62,175,0,0
2024.0,특수대학원,사립,경북,기존,대구대학교 교육대학원 ,120.0,205,36,169,0,0,75,11,64,0,0
2024.0,일반대학원,사립,경북,기존,대구대학교 대학원 ,300.0,480,126,236,70,48,377,91,175,64,47
2024.0,특수대학원,사립,경북,기존,대구대학교 디자인・산업행정대학원 ,40.0,19,5,14,0,0,15,4,11,0,0
2024.0,특수대학원,사립,경북,기존,대구대학교 사회복지대학원 ,40.0,44,15,29,0,0,32,14,18,0,0
2024.0,특수대학원,사립,대구,기존,대구대학교 재활과학대학원 ,110.0,142,25,117,0,0,102,19,83,0,0
2024.0,특수대학원,사립,경북,기존,대구대학교 특수교육대학원 ,30.0,36,9,27,0,0,29,7,22,0,0
2024.0,특수대학원,사립,경북,폐교,대구사이버대학교 휴먼케어대학원 ,40.0,96,9,75,3,9,41,1,39,1,0
2024.0,일반대학원,사립,경북,기존,대구한의대학교 대학원 ,148.0,220,62,143,4,11,161,47,101,3,10
2024.0,특수대학원,사립,경북,기존,대구한의대학교 보건・복지대학원 ,46.0,92,22,46,20,4,55,16,30,8,1
2024.0,특수대학원,사립,경북,폐교,대구한의대학교 한방산업대학원 ,20.0,25,10,14,1,0,20,8,12,0,0
2024.0,일반대학원,사립,경북,기존,대신대학교 대학원 ,20.0,29,11,15,2,1,26,9,14,2,1
2024.0,특수대학원,사립,경북,기존,대신대학교 신학대학원 ,60.0,78,34,43,1,0,70,31,38,1,0
2024.0,일반대학원,사립,세종,기존,대전가톨릭대학교 대학원 ,30.0,7,7,0,0,0,7,7,0,0,0
2024.0,특수대학원,사립,대전,기존,대전대학교 경영행정・사회복지・상담대학원 ,40.0,36,13,22,1,0,25,9,15,1,0
2024.0,특수대학원,사립,대전,기존,대전대학교 교육대학원 ,50.0,37,8,29,0,0,29,6,23,0,0
2024.0,특수대학원,사립,대전,기존,대전대학교 보건의료대학원 ,30.0,31,16,14,0,1,24,12,12,0,0
2024.0,일반대학원,사립,대전,기존,대전대학교 일반대학원 ,209.0,318,110,172,24,12,197,88,72,23,14
2024.0,특수대학원,사립,대전,기존,대전신학대학교 신학대학원 ,55.0,103,50,53,0,0,54,23,31,0,0
2024.0,일반대학원,사립,대전,기존,대전신학대학교 일반대학원 ,5.0,5,1,4,0,0,5,1,4,0,0
2024.0,전문대학원,사립,경기,기존,대진대학교 DNA플러스융합기술전문대학원 ,30.0,20,16,4,0,0,20,16,4,0,0
2024.0,특수대학원,사립,경기,기존,대진대학교 공공정책대학원 ,30.0,30,17,13,0,0,24,14,10,0,0
2024.0,특수대학원,사립,경기,기존,대진대학교 교육대학원 ,60.0,98,18,80,0,0,47,9,38,0,0
2024.0,일반대학원,사립,경기,기존,대진대학교 대학원 ,63.0,117,62,14,22,19,103,53,10,21,19
2024.0,특수대학원,사립,경기,기존,대진대학교 통일대학원 ,30.0,28,15,10,3,0,24,15,8,1,0
2024.0,특수대학원,사립,서울,기존,덕성여자대학교 교육대학원 ,60.0,75,0,75,0,0,24,0,24,0,0
2024.0,일반대학원,사립,서울,기존,덕성여자대학교 대학원 ,97.0,167,2,141,2,22,83,3,66,1,13
2024.0,특수대학원,사립,서울,기존,덕성여자대학교 상담・산업대학원 ,27.0,39,4,29,2,4,12,1,9,0,2
2024.0,전문대학원,사립,서울,기존,동국대학교 경영전문대학원 ,50.0,231,49,18,77,87,126,37,12,35,42
2024.0,특수대학원,사립,서울,기존,동국대학교 경찰사법대학원 ,70.0,168,54,65,39,10,110,38,25,39,8
2024.0,특수대학원,사립,서울,기존,동국대학교 교육대학원 ,109.0,286,59,219,1,7,55,8,43,1,3
2024.0,특수대학원,사립,서울,기존,동국대학교 교육서비스과학대학원 ,30.0,72,9,10,23,30,49,9,10,11,19
2024.0,특수대학원,사립,서울,기존,동국대학교 국제정보보호대학원 ,70.0,93,72,21,0,0,67,51,16,0,0
2024.0,일반대학원,사립,서울,기존,동국대학교 대학원 ,970.0,2142,636,710,258,538,1215,459,475,98,183
2024.0,특수대학원,사립,서울,기존,동국대학교 문화예술대학원 ,130.0,350,25,91,44,190,170,16,58,17,79
2024.0,특수대학원,사립,서울,기존,동국대학교 미래융합대학원 ,40.0,25,6,18,0,1,18,6,11,0,1
2024.0,특수대학원,사립,서울,기존,동국대학교 법무대학원 ,50.0,39,28,7,3,1,24,17,4,3,0
2024.0,특수대학원,사립,서울,기존,동국대학교 불교대학원 ,74.0,94,29,63,2,0,75,25,50,0,0
2024.0,특수대학원,사립,서울,기존,동국대학교 언론정보대학원 ,30.0,42,13,7,1,21,24,11,5,1,7
2024.0,전문대학원,사립,서울,기존,동국대학교 영상대학원(전문) ,100.0,608,65,75,121,347,328,41,52,69,166
2024.0,특수대학원,사립,서울,기존,동국대학교 행정대학원 ,90.0,106,41,64,0,1,82,33,48,0,1
2024.0,특수대학원,사립,경북,기존,동국대학교(WISE) 경영대학원 _분교,25.0,17,12,5,0,0,15,11,4,0,0
2024.0,특수대학원,사립,경북,기존,동국대학교(WISE) 불교문화대학원 _분교,50.0,53,19,34,0,0,45,15,30,0,0
2024.0,특수대학원,사립,경북,기존,동국대학교(WISE) 사회과학대학원 _분교,40.0,38,15,23,0,0,30,12,18,0,0
2024.0,일반대학원,사립,경북,기존,동국대학교(WISE) 일반대학원 _분교,100.0,137,55,72,4,6,107,44,54,3,6
2024.0,특수대학원,사립,서울,기존,동덕여자대학교 교육대학원 ,15.0,8,0,8,0,0,3,0,3,0,0
2024.0,특수대학원,사립,서울,기존,동덕여자대학교 미래전략융합대학원 ,95.0,107,19,86,1,1,70,12,56,1,1
2024.0,전문대학원,사립,서울,폐교,동덕여자대학교 엔터테인먼트디자인전문대학원 ,31.0,0,0,0,0,0,0,0,0,0,0
2024.0,일반대학원,사립,서울,기존,동덕여자대학교 일반대학원 ,106.0,184,12,146,5,21,103,7,77,3,16
2024.0,전문대학원,사립,서울,폐교,동덕여자대학교 패션전문대학원 ,0.0,5,0,5,0,0,4,0,4,0,0
2024.0,특수대학원,사립,부산,기존,동명대학교 복지산업대학원 ,60.0,72,12,58,0,2,53,11,41,0,1
2024.0,일반대학원,사립,부산,기존,동명대학교 일반대학원 ,149.0,269,81,86,63,39,186,63,64,34,25
2024.0,특수대학원,사립,부산,기존,동서대학교 경영대학원 ,20.0,21,9,6,4,2,17,6,5,4,2
2024.0,특수대학원,사립,부산,기존,동서대학교 선교복지대학원 ,30.0,28,8,20,0,0,23,5,18,0,0
2024.0,일반대학원,사립,부산,기존,동서대학교 일반대학원 ,81.0,240,35,27,95,83,187,27,26,64,70
2024.0,특수대학원,사립,전남,기존,동신대학교 교육대학원 ,15.0,18,7,11,0,0,16,7,9,0,0
2024.0,일반대학원,사립,전남,기존,동신대학교 대학원 ,160.0,494,102,100,162,130,416,93,85,133,105
2024.0,특수대학원,사립,전남,기존,동신대학교 사회개발대학원 ,70.0,202,18,81,73,30,161,16,71,45,29
2024.0,특수대학원,사립,부산,기존,동아대학교 경영대학원 ,70.0,71,45,26,0,0,50,32,18,0,0
2024.0,특수대학원,사립,부산,기존,동아대학교 교육대학원 ,169.0,268,62,206,0,0,127,31,96,0,0
2024.0,전문대학원,사립,부산,기존,동아대학교 국제전문대학원 ,50.0,46,2,6,25,13,29,2,4,14,9
2024.0,일반대학원,사립,부산,기존,동아대학교 대학원 ,596.0,968,206,257,345,160,571,168,192,119,92
2024.0,특수대학원,사립,부산,폐교,동아대학교 법무대학원 ,20.0,4,2,2,0,0,3,1,2,0,0
2024.0,전문대학원,사립,부산,기존,동아대학교 법학전문대학원 ,90.0,845,492,353,0,0,87,48,39,0,0
2024.0,특수대학원,사립,부산,기존,동아대학교 사회복지대학원 ,50.0,42,8,34,0,0,28,5,23,0,0
2024.0,특수대학원,사립,경북,기존,동양대학교 교육대학원 ,15.0,6,0,6,0,0,6,0,6,0,0
2024.0,일반대학원,사립,경북,기존,동양대학교 일반대학원 ,67.0,68,42,8,14,4,52,36,7,5,4
2024.0,특수대학원,사립,경북,기존,동양대학교 정보대학원 ,40.0,53,23,23,6,1,38,18,16,4,0
2024.0,특수대학원,사립,부산,기존,동의대학교 경영대학원 ,20.0,7,7,0,0,0,7,7,0,0,0
2024.0,특수대학원,사립,부산,기존,동의대학교 교육대학원 ,40.0,25,3,22,0,0,11,1,10,0,0
2024.0,특수대학원,사립,부산,기존,동의대학교 국가안전정책대학원 ,20.0,6,6,0,0,0,6,6,0,0,0
2024.0,일반대학원,사립,부산,기존,동의대학교 대학원 ,272.0,496,169,183,73,71,354,127,137,44,46
2024.0,특수대학원,사립,부산,기존,동의대학교 부동산대학원 ,40.0,62,41,21,0,0,40,25,15,0,0
2024.0,특수대학원,사립,부산,기존,동의대학교 산업문화대학원 ,45.0,40,15,22,3,0,28,10,18,0,0
2024.0,특수대학원,사립,경기,기존,루터대학교 대학원 ,30.0,21,3,18,0,0,16,3,13,0,0
2024.0,특수대학원,사립,서울,기존,명지대학교 경영대학원 _제2캠퍼스,30.0,92,9,6,48,29,70,6,6,35,23
2024.0,특수대학원,사립,서울,기존,명지대학교 교육대학원 _제2캠퍼스,70.0,135,19,110,0,6,36,4,28,0,4
2024.0,전문대학원,사립,서울,기존,명지대학교 기록정보과학전문대학원 _제2캠퍼스,40.0,33,21,12,0,0,25,17,8,0,0
2024.0,일반대학원,사립,경기,기존,명지대학교 대학원 ,420.0,870,232,280,201,157,582,165,185,132,100
2024.0,특수대학원,사립,서울,기존,명지대학교 문화예술대학원 _제2캠퍼스,75.0,82,9,68,0,5,56,5,49,0,2
2024.0,특수대학원,사립,서울,기존,명지대학교 부동산대학원 _제2캠퍼스,40.0,41,23,18,0,0,28,16,12,0,0
2024.0,특수대학원,사립,서울,기존,명지대학교 사회복지대학원 _제2캠퍼스,40.0,20,5,15,0,0,11,4,7,0,0
2024.0,특수대학원,사립,경기,폐교,명지대학교 산업대학원 _제2캠퍼스,70.0,75,27,46,2,0,61,23,37,1,0
2024.0,특수대학원,사립,서울,기존,명지대학교 통합치료대학원 _제2캠퍼스,250.0,415,60,350,2,3,275,46,226,2,1
2024.0,특수대학원,사립,대전,기존,목원대학교 산업정보언론대학원 ,70.0,11,7,4,0,0,11,7,4,0,0
2024.0,특수대학원,사립,대전,기존,목원대학교 웨슬리신학대학원 ,120.0,51,36,14,0,1,46,31,14,0,1
2024.0,일반대학원,사립,대전,기존,목원대학교 일반대학원 ,136.0,201,56,35,52,58,201,56,35,52,58
2024.0,특수대학원,사립,대전,기존,배재대학교 관광축제한류대학원 ,20.0,13,8,5,0,0,11,6,5,0,0
2024.0,특수대학원,사립,대전,기존,배재대학교 교육대학원 ,50.0,23,7,15,0,1,18,4,13,0,1
2024.0,특수대학원,사립,대전,신설,배재대학교 국방정책대학원 ,10.0,17,15,2,0,0,10,8,2,0,0
2024.0,일반대학원,사립,대전,기존,배재대학교 대학원 ,165.0,233,57,63,49,64,188,50,54,40,44
2024.0,특수대학원,사립,서울,기존,백석대학교 교육대학원 ,82.0,130,19,110,0,1,83,12,70,0,1
2024.0,전문대학원,사립,서울,기존,백석대학교 기독교전문대학원 ,140.0,243,82,121,19,21,176,61,84,13,18
2024.0,특수대학원,사립,서울,기존,백석대학교 문화예술대학원 ,50.0,79,26,36,6,11,61,21,27,4,9
2024.0,특수대학원,사립,서울,기존,백석대학교 보건복지대학원 ,50.0,64,22,41,0,1,39,14,24,0,1
2024.0,특수대학원,사립,서울,기존,백석대학교 상담대학원 ,150.0,246,42,203,0,1,148,27,120,0,1
2024.0,특수대학원,사립,서울,기존,백석대학교 신학대학원 ,300.0,392,195,189,3,5,296,142,148,2,4
2024.0,특수대학원,사립,서울,기존,백석대학교 실천신학대학원 ,20.0,22,8,14,0,0,19,7,12,0,0
2024.0,일반대학원,사립,서울,기존,백석대학교 일반대학원 ,20.0,440,12,95,190,143,266,3,10,143,110
2024.0,일반대학원,사립,부산,기존,부산가톨릭대학교 대학원 ,141.0,170,31,106,14,19,137,26,88,9,14
2024.0,특수대학원,사립,부산,기존,부산가톨릭대학교 미래복지상담대학원 ,20.0,24,7,17,0,0,20,4,16,0,0
2024.0,특수대학원,국립,부산,기존,부산교육대학교 교육대학원 ,375.0,255,51,204,0,0,255,51,204,0,0
2024.0,특수대학원,국립,부산,기존,부산대학교 경영대학원 ,130.0,295,175,79,34,7,166,90,39,30,7
2024.0,특수대학원,국립,부산,기존,부산대학교 경제통상대학원 ,47.0,40,17,19,2,2,29,12,13,2,2
2024.0,특수대학원,국립,부산,기존,부산대학교 교육대학원 ,330.0,593,94,448,19,32,306,45,236,9,16
2024.0,전문대학원,국립,부산,기존,부산대학교 국제전문대학원 ,66.0,135,46,41,8,40,54,23,25,3,3
2024.0,특수대학원,국립,부산,기존,부산대학교 금융대학원 ,23.0,13,13,0,0,0,13,13,0,0,0
2024.0,특수대학원,국립,부산,기존,부산대학교 기술창업대학원 ,39.0,37,18,19,0,0,21,13,8,0,0
2024.0,전문대학원,국립,부산,신설,부산대학교 데이터사이언스전문대학원 ,20.0,41,25,16,0,0,14,7,7,0,0
2024.0,전문대학원,국립,부산,기존,부산대학교 법학전문대학원 ,129.0,526,248,278,0,0,138,60,78,0,0
2024.0,특수대학원,국립,부산,기존,부산대학교 산업대학원 ,101.0,87,58,29,0,0,61,42,19,0,0
2024.0,일반대학원,국립,부산,기존,부산대학교 일반대학원 ,2270.0,3491,1345,1415,342,389,2280,1100,916,86,178
2024.0,전문대학원,국립,경남,기존,부산대학교 치의학전문대학원 ,85.0,639,380,259,0,0,85,53,32,0,0
2024.0,전문대학원,국립,경남,기존,부산대학교 한의학전문대학원 ,60.0,761,432,327,1,1,61,33,26,1,1
2024.0,특수대학원,국립,부산,기존,부산대학교 행정대학원 ,102.0,129,44,85,0,0,91,29,62,0,0
2024.0,특수대학원,국립,부산,기존,부산대학교 환경대학원 ,30.0,31,14,17,0,0,20,11,9,0,0
2024.0,특수대학원,사립,부산,기존,부산디지털대학교 휴먼서비스대학원 ,30.0,99,26,67,6,0,34,9,22,3,0
2024.0,특수대학원,사립,부산,기존,부산외국어대학교 교육대학원 ,20.0,10,3,7,0,0,4,1,3,0,0
2024.0,일반대학원,사립,부산,기존,부산외국어대학교 대학원 ,99.0,300,23,44,89,144,183,14,29,44,96
2024.0,특수대학원,사립,부산,기존,부산외국어대학교 산업・경영대학원 ,94.0,74,24,31,4,15,49,17,19,3,10
2024.0,특수대학원,사립,부산,기존,부산외국어대학교 통역번역대학원 ,40.0,44,6,19,2,17,33,2,17,1,13
2024.0,특수대학원,사립,경남,기존,부산장신대학교 강해설교대학원 ,10.0,3,0,3,0,0,1,0,1,0,0
2024.0,특수대학원,사립,경남,기존,부산장신대학교 상담및심리치료대학원 ,10.0,4,1,3,0,0,2,0,2,0,0
2024.0,특수대학원,사립,경남,기존,부산장신대학교 신학대학원 ,50.0,44,20,24,0,0,37,18,19,0,0
2024.0,일반대학원,사립,경남,기존,부산장신대학교 일반대학원 ,21.0,17,8,9,0,0,16,8,8,0,0
2024.0,특수대학원,사립,경남,폐교,부산장신대학교 장애인교육선교대학원 ,10.0,6,1,5,0,0,6,1,5,0,0
2024.0,특수대학원,사립,서울,기존,사이버한국외국어대학교 TESOL 대학원 ,48.0,93,15,74,3,1,51,5,43,2,1
2024.0,특수대학원,사립,서울,기존,삼육대학교 경영대학원 ,10.0,7,5,1,0,1,5,4,1,0,0
2024.0,일반대학원,사립,서울,기존,삼육대학교 대학원 ,155.0,268,92,96,21,59,159,70,67,10,12
2024.0,특수대학원,사립,서울,기존,삼육대학교 신학대학원 ,30.0,23,20,1,2,0,19,16,1,2,0
2024.0,특수대학원,사립,서울,기존,삼육대학교 임상간호대학원 ,17.0,49,4,45,0,0,15,0,15,0,0
2024.0,특수대학원,사립,서울,기존,상명대학교 경영대학원 ,45.0,17,8,9,0,0,12,6,6,0,0
2024.0,특수대학원,사립,서울,기존,상명대학교 교육대학원 ,55.0,120,17,103,0,0,30,6,24,0,0
2024.0,일반대학원,사립,서울,기존,상명대학교 대학원 ,243.0,512,149,175,89,99,312,115,120,39,38
2024.0,일반대학원,사립,충남,기존,상명대학교 대학원 _제2캠퍼스,70.0,111,33,34,21,23,75,28,30,7,10
2024.0,특수대학원,사립,서울,기존,상명대학교 문화기술대학원 ,80.0,62,33,28,1,0,39,21,18,0,0
2024.0,특수대학원,사립,서울,기존,상명대학교 통합심리치료대학원 ,45.0,86,10,76,0,0,52,6,46,0,0
2024.0,특수대학원,사립,강원,기존,상지대학교 교육대학원 ,10.0,54,12,42,0,0,10,3,7,0,0
2024.0,일반대학원,사립,강원,기존,상지대학교 대학원 ,82.0,87,53,25,5,4,68,42,21,3,2
2024.0,특수대학원,사립,강원,기존,상지대학교 사회복지정책대학원 ,20.0,18,6,12,0,0,12,4,8,0,0
2024.0,특수대학원,사립,강원,기존,상지대학교 사회융합대학원 ,51.0,54,33,21,0,0,47,30,17,0,0
2024.0,특수대학원,사립,강원,기존,상지대학교 평화안보.상담심리대학원 ,55.0,67,21,25,21,0,49,16,23,10,0
2024.0,전문대학원,사립,서울,기존,서강대학교 경영전문대학원 ,204.0,973,232,112,296,333,405,97,44,133,131
2024.0,특수대학원,사립,서울,기존,서강대학교 경제대학원 ,140.0,314,173,137,4,0,142,77,65,0,0
2024.0,특수대학원,사립,서울,기존,서강대학교 공공정책대학원 ,80.0,90,33,57,0,0,47,19,26,1,1
2024.0,특수대학원,사립,서울,기존,서강대학교 교육대학원 ,140.0,512,113,399,0,0,117,36,81,0,0
2024.0,전문대학원,사립,서울,기존,서강대학교 국제대학원 ,45.0,130,5,9,31,85,53,0,1,11,41
2024.0,전문대학원,사립,서울,기존,서강대학교 기술경영전문대학원 ,50.0,120,63,50,5,2,51,24,20,5,2
2024.0,일반대학원,사립,서울,기존,서강대학교 대학원 ,799.0,2295,976,1143,50,126,878,439,366,22,51
2024.0,전문대학원,사립,서울,기존,서강대학교 메타버스전문대학원 ,60.0,90,59,31,0,0,53,34,19,0,0
2024.0,특수대학원,사립,서울,기존,서강대학교 미디어커뮤니케이션대학원 ,84.0,161,50,110,0,1,81,24,57,0,0
2024.0,전문대학원,사립,서울,기존,서강대학교 법학전문대학원 ,40.0,450,279,171,0,0,44,24,20,0,0
2024.0,전문대학원,사립,서울,기존,서강대학교 신학대학원 ,52.0,47,14,33,0,0,36,11,25,0,0
2024.0,특수대학원,사립,서울,폐교,서강대학교 정보통신대학원 ,140.0,382,256,126,0,0,142,90,52,0,0
2024.0,특수대학원,사립,서울,기존,서경대학교 경영문화대학원 ,15.0,28,16,12,0,0,20,11,9,0,0
2024.0,특수대학원,사립,서울,신설,서경대학교 국제융합대학원 ,0.0,69,0,0,28,41,25,0,0,12,13
2024.0,특수대학원,사립,서울,기존,서경대학교 미용예술대학원 ,35.0,42,7,35,0,0,25,6,19,0,0
2024.0,특수대학원,사립,서울,기존,서경대학교 실용음악대학원 ,10.0,14,9,5,0,0,12,8,4,0,0
2024.0,특수대학원,사립,서울,신설,서경대학교 융합대학원 ,25.0,26,8,18,0,0,17,5,12,0,0
2024.0,일반대학원,사립,서울,기존,서경대학교 일반대학원 ,113.0,376,48,99,56,173,242,37,71,26,108
2024.0,전문대학원,국립,서울,기존,서울과학기술대학교 IT정책전문대학원 ,47.0,88,44,38,2,4,51,22,24,2,3
2024.0,특수대학원,국립,서울,기존,서울과학기술대학교 산업대학원 ,40.0,143,116,27,0,0,38,30,8,0,0
2024.0,전문대학원,국립,서울,폐교,서울과학기술대학교 융합과학대학원 ,30.0,146,64,13,57,12,81,19,7,46,9
2024.0,일반대학원,국립,서울,기존,서울과학기술대학교 일반대학원 ,615.0,1157,583,425,69,80,593,341,175,33,44
2024.0,특수대학원,국립,서울,기존,서울과학기술대학교 주택도시대학원 ,38.0,62,45,17,0,0,31,21,10,0,0
2024.0,전문대학원,국립,서울,기존,서울과학기술대학교 철도전문대학원 ,66.0,69,52,7,8,2,53,37,6,8,2
2024.0,전문대학원,국립,서울,기존,서울교육대학교 교육전문대학원 ,510.0,533,92,383,16,42,384,63,266,14,41
2024.0,일반대학원,사립,서울,기존,서울기독대학교 대학원 ,44.0,45,13,25,1,6,41,11,23,1,6
2024.0,특수대학원,사립,서울,기존,서울기독대학교 문화산업경영대학원 ,28.0,27,13,14,0,0,27,14,13,0,0
2024.0,특수대학원,사립,서울,기존,서울기독대학교 사회복지대학원 ,10.0,4,1,3,0,0,4,1,3,0,0
2024.0,특수대학원,사립,서울,기존,서울기독대학교 연합신학대학원 ,12.0,6,3,3,0,0,5,2,3,0,0
2024.0,특수대학원,사립,서울,기존,서울기독대학교 운동재활복지대학원 ,4.0,0,0,0,0,0,0,0,0,0,0
2024.0,특수대학원,사립,서울,기존,서울기독대학교 치유상담대학원 ,10.0,12,3,9,0,0,11,3,8,0,0
2024.0,전문대학원,국립대법인,서울,기존,서울대학교 경영전문대학원 ,100.0,374,62,44,186,82,206,45,29,89,43
2024.0,전문대학원,국립대법인,서울,기존,서울대학교 공학전문대학원 ,50.0,58,48,10,0,0,43,35,8,0,0
2024.0,전문대학원,국립대법인,강원,기존,서울대학교 국제농업기술대학원 ,34.0,50,18,22,6,4,38,14,18,4,2
2024.0,전문대학원,국립대법인,서울,기존,서울대학교 국제대학원 ,77.0,349,36,97,64,152,149,16,59,27,47
2024.0,일반대학원,국립대법인,서울,기존,서울대학교 대학원 ,4312.0,7556,3059,3184,446,867,4317,2069,1830,162,256
2024.0,전문대학원,국립대법인,서울,기존,서울대학교 데이터사이언스대학원 ,105.0,493,269,202,5,17,101,58,41,0,2
2024.0,전문대학원,국립대법인,서울,기존,서울대학교 법학전문대학원 ,173.0,402,210,192,0,0,174,84,90,0,0
2024.0,전문대학원,국립대법인,서울,기존,서울대학교 보건대학원 ,94.0,245,59,177,3,6,97,23,70,2,2
2024.0,전문대학원,국립대법인,서울,기존,서울대학교 융합과학기술대학원 ,128.0,236,126,82,19,9,140,60,58,17,5
2024.0,전문대학원,국립대법인,서울,기존,서울대학교 치의학대학원 ,90.0,543,319,221,1,2,98,64,33,1,0
2024.0,전문대학원,국립대법인,서울,기존,서울대학교 행정대학원 ,128.0,436,121,151,100,64,245,63,61,75,46
2024.0,전문대학원,국립대법인,서울,기존,서울대학교 환경대학원 ,84.0,190,57,119,4,10,96,28,60,2,6
2024.0,특수대학원,사립,서울,폐교,서울사이버대학교 상담심리대학원 ,98.0,371,98,243,19,11,109,27,71,8,3
2024.0,특수대학원,사립,서울,폐교,서울사이버대학교 휴먼서비스대학원 ,58.0,268,103,143,11,11,65,23,36,3,3
2024.0,특수대학원,공립,서울,기존,서울시립대학교 경영대학원 ,104.0,200,108,63,19,10,133,69,35,19,10
2024.0,특수대학원,공립,서울,기존,서울시립대학교 과학기술대학원 ,69.0,175,126,49,0,0,62,38,24,0,0
2024.0,특수대학원,공립,서울,기존,서울시립대학교 교육대학원 ,49.0,87,27,60,0,0,54,17,37,0,0
2024.0,특수대학원,공립,서울,폐교,서울시립대학교 국제도시과학대학원 ,30.0,275,27,20,157,71,113,20,17,46,30
2024.0,일반대학원,공립,서울,기존,서울시립대학교 대학원 ,712.0,1158,556,398,84,120,637,339,231,25,42
2024.0,특수대학원,공립,서울,기존,서울시립대학교 도시과학대학원 ,210.0,358,213,131,6,8,221,129,79,6,7
2024.0,특수대학원,공립,서울,기존,서울시립대학교 도시보건대학원 ,20.0,33,6,27,0,0,20,4,16,0,0
2024.0,전문대학원,공립,서울,기존,서울시립대학교 디자인전문대학원 ,20.0,37,12,24,0,1,18,5,13,0,0
2024.0,전문대학원,공립,서울,기존,서울시립대학교 법학전문대학원 ,50.0,205,107,98,0,0,55,35,20,0,0
2024.0,전문대학원,공립,서울,기존,서울시립대학교 세무전문대학원 ,52.0,148,86,62,0,0,52,35,17,0,0
2024.0,특수대학원,사립,경기,기존,서울신학대학교 교회성장대학원 ,20.0,13,13,0,0,0,11,11,0,0,0
2024.0,특수대학원,사립,경기,폐교,서울신학대학교 글로벌리더십경영융합대학원 ,27.0,12,6,3,2,1,8,3,2,2,1
2024.0,일반대학원,사립,경기,기존,서울신학대학교 대학원 ,48.0,57,31,24,0,2,45,24,20,0,1
2024.0,특수대학원,사립,경기,기존,서울신학대학교 상담대학원 ,38.0,52,8,44,0,0,32,5,27,0,0
2024.0,특수대학원,사립,경기,기존,서울신학대학교 설교대학원 ,20.0,18,15,3,0,0,15,12,3,0,0
2024.0,특수대학원,사립,경기,기존,서울신학대학교 신학대학원 ,135.0,162,102,58,2,0,142,90,51,1,0
2024.0,전문대학원,사립,경기,기존,서울신학대학교 신학전문대학원 ,46.0,48,36,11,0,1,34,26,7,0,1
2024.0,특수대학원,사립,서울,기존,서울여자대학교 교육대학원 ,26.0,18,2,16,0,0,9,2,7,0,0
2024.0,일반대학원,사립,서울,기존,서울여자대학교 대학원 ,150.0,203,6,194,0,3,104,4,100,0,0
2024.0,특수대학원,사립,서울,기존,서울여자대학교 휴먼서비스대학원 ,89.0,25,1,24,0,0,14,1,13,0,0
2024.0,특수대학원,사립,경기,폐교,서울장신대학교 교회음악대학원 ,6.0,5,2,3,0,0,4,2,2,0,0
2024.0,특수대학원,사립,경기,기존,서울장신대학교 사회복지상담대학원 ,3.0,3,1,2,0,0,2,1,1,0,0
2024.0,특수대학원,사립,경기,기존,서울장신대학교 신학대학원 ,57.0,54,29,25,0,0,41,22,19,0,0
2024.0,특수대학원,사립,경기,폐교,서울장신대학교 영성심리치유대학원 ,12.0,7,1,6,0,0,5,1,4,0,0
2024.0,특수대학원,사립,경기,기존,서울장신대학교 예배찬양사역대학원 ,21.0,16,10,6,0,0,14,8,6,0,0
2024.0,일반대학원,사립,경기,기존,서울장신대학교 일반대학원 ,22.0,39,21,17,1,0,24,12,11,1,0
2024.0,특수대학원,사립,경기,기존,서울장신대학교 자연치유선교대학원 ,10.0,8,1,7,0,0,7,1,6,0,0
2024.0,특수대학원,사립,서울,기존,서울한영대학교 국제신학선교대학원 ,25.0,49,7,9,31,2,32,5,9,18,0
2024.0,특수대학원,사립,서울,기존,서울한영대학교 상담복지대학원 ,31.0,250,7,22,189,32,104,5,15,69,15
2024.0,일반대학원,사립,서울,기존,서울한영대학교 일반대학원 ,26.0,34,6,21,3,4,30,6,17,3,4
2024.0,특수대학원,사립,충북,기존,서원대학교 교육대학원 ,45.0,45,5,26,14,0,39,4,22,12,1
2024.0,특수대학원,사립,충북,기존,서원대학교 산업대학원 ,34.0,66,24,32,5,5,46,18,23,3,2
2024.0,일반대학원,사립,충북,신설,서원대학교 일반대학원 ,8.0,10,6,4,0,0,8,5,3,0,0
2024.0,특수대학원,사립,충남,기존,선문대학교 교육대학원 ,11.0,13,3,10,0,0,10,1,9,0,0
2024.0,일반대학원,사립,충남,기존,선문대학교 대학원 ,158.0,247,70,77,54,46,179,52,67,26,34
2024.0,특수대학원,사립,충남,기존,선문대학교 미래융합대학원 ,124.0,286,27,37,120,102,186,26,30,66,64
2024.0,특수대학원,사립,경기,기존,성결대학교 교육대학원 ,40.0,43,3,40,0,0,26,2,24,0,0
2024.0,특수대학원,사립,경기,기존,성결대학교 사회복지대학원 ,30.0,29,11,18,0,0,24,9,15,0,0
2024.0,특수대학원,사립,경기,기존,성결대학교 신학대학원 ,90.0,59,41,18,0,0,44,33,11,0,0
2024.0,일반대학원,사립,경기,기존,성결대학교 일반대학원 ,27.0,103,12,18,43,30,55,9,15,12,19
2024.0,특수대학원,사립,경기,기존,성결대학교 프라임(Prime) 대학원 ,45.0,36,7,29,0,0,30,6,24,0,0
2024.0,특수대학원,사립,서울,기존,성공회대학교 교육대학원 ,40.0,22,5,17,0,0,18,5,13,0,0
2024.0,일반대학원,사립,서울,기존,성공회대학교 대학원 ,58.0,49,17,19,4,9,32,14,13,2,3
2024.0,특수대학원,사립,서울,기존,성공회대학교 문화대학원 ,19.0,14,6,8,0,0,10,5,5,0,0
2024.0,특수대학원,사립,서울,폐교,성공회대학교 사회적경제대학원 ,25.0,10,4,6,0,0,5,2,3,0,0
2024.0,특수대학원,사립,서울,기존,성공회대학교 시민사회복지대학원 ,31.0,28,7,21,0,0,18,5,13,0,0
2024.0,특수대학원,사립,서울,기존,성공회대학교 시민평화대학원 ,36.0,15,1,14,0,0,12,0,12,0,0
2024.0,특수대학원,사립,서울,기존,성공회대학교 신학대학원 ,20.0,21,13,8,0,0,17,10,7,0,0
2024.0,전문대학원,사립,서울,기존,성균관대학교 경영(전문)대학원 ,290.0,597,274,175,76,72,384,165,107,64,48
2024.0,특수대학원,사립,서울,기존,성균관대학교 경영대학원(iMBA) ,200.0,370,261,100,8,1,201,138,56,7,0
2024.0,특수대학원,사립,서울,기존,성균관대학교 교육대학원 ,82.0,176,56,120,0,0,76,30,46,0,0
2024.0,특수대학원,사립,서울,기존,성균관대학교 국가전략대학원 ,25.0,39,24,12,3,0,26,17,6,3,0
2024.0,전문대학원,사립,서울,기존,성균관대학교 국정전문대학원 ,69.0,95,50,41,1,3,63,29,30,1,3
2024.0,특수대학원,사립,서울,기존,성균관대학교 글로벌창업대학원 ,30.0,42,34,8,0,0,25,20,5,0,0
2024.0,전문대학원,사립,경기,기존,성균관대학교 기술경영전문대학원 ,49.0,138,101,37,0,0,47,35,12,0,0
2024.0,특수대학원,사립,서울,기존,성균관대학교 미디어문화융합대학원 ,70.0,157,46,111,0,0,76,24,52,0,0
2024.0,특수대학원,사립,서울,폐교,성균관대학교 번역・테솔(TESOL)대학원 ,20.0,29,7,22,0,0,19,5,14,0,0
2024.0,전문대학원,사립,서울,기존,성균관대학교 법학전문대학원 ,141.0,297,162,135,0,0,148,78,70,0,0
2024.0,특수대학원,사립,서울,기존,성균관대학교 사회복지대학원 ,70.0,107,27,80,0,0,59,17,42,0,0
2024.0,전문대학원,사립,경기,기존,성균관대학교 수자원전문대학원 ,18.0,7,6,1,0,0,6,5,1,0,0
2024.0,특수대학원,사립,서울,기존,성균관대학교 유학대학원 ,40.0,36,11,25,0,0,27,9,18,0,0
2024.0,일반대학원,사립,서울,기존,성균관대학교 일반대학원 ,2411.0,6246,2412,2060,487,1287,3213,1391,1041,297,484
2024.0,특수대학원,사립,경기,기존,성균관대학교 임상간호대학원 ,40.0,234,20,214,0,0,40,0,40,0,0
2024.0,특수대학원,사립,서울,기존,성균관대학교 정보통신대학원 ,75.0,409,251,156,0,2,70,39,29,0,2
2024.0,전문대학원,사립,서울,기존,성균관대학교 중국대학원 ,30.0,91,10,10,33,38,37,8,9,12,8
2024.0,특수대학원,사립,서울,폐교,성신여자대학교 AI세무・회계대학원 ,20.0,0,0,0,0,0,0,0,0,0,0
2024.0,특수대학원,사립,서울,기존,성신여자대학교 교육대학원 ,72.0,236,6,230,0,0,42,0,42,0,0
2024.0,일반대학원,사립,서울,기존,성신여자대학교 대학원 ,296.0,576,30,362,33,151,340,23,226,21,70
2024.0,특수대학원,사립,서울,기존,성신여자대학교 문화산업예술대학원 ,40.0,13,1,11,0,1,12,1,10,0,1
2024.0,특수대학원,사립,서울,기존,성신여자대학교 뷰티융합대학원 ,54.0,34,2,18,1,13,17,1,9,0,7
2024.0,특수대학원,사립,서울,기존,성신여자대학교 생애복지대학원 ,40.0,21,0,21,0,0,6,0,6,0,0
2024.0,특수대학원,사립,충북,기존,세명대학교 경영행정복지대학원 ,35.0,40,10,30,0,0,29,6,23,0,0
2024.0,일반대학원,사립,충북,기존,세명대학교 일반대학원 ,63.0,157,27,36,46,48,143,23,30,40,50
2024.0,특수대학원,사립,충북,기존,세명대학교 저널리즘대학원 ,30.0,37,15,22,0,0,26,10,16,0,0
2024.0,전문대학원,사립,서울,기존,세종대학교 경영전문대학원 ,65.0,163,55,15,24,69,106,45,9,5,47
2024.0,특수대학원,사립,서울,기존,세종대학교 공공정책대학원 ,65.0,63,16,45,1,1,56,14,42,0,0
2024.0,특수대학원,사립,서울,기존,세종대학교 관광대학원 ,100.0,104,45,59,0,0,74,33,41,0,0
2024.0,특수대학원,사립,서울,기존,세종대학교 교육대학원 ,80.0,144,39,105,0,0,79,24,55,0,0
2024.0,특수대학원,사립,서울,기존,세종대학교 산업대학원 ,120.0,128,104,24,0,0,108,81,19,7,1
2024.0,특수대학원,사립,서울,기존,세종대학교 융합예술대학원 ,100.0,102,19,82,1,0,53,9,44,0,0
2024.0,일반대학원,사립,서울,기존,세종대학교 일반대학원 ,716.0,3400,444,392,1076,1488,1518,332,249,399,538
2024.0,특수대학원,사립,서울,기존,세종사이버대학교 경영대학원 ,40.0,119,67,33,9,10,39,27,9,2,1
2024.0,특수대학원,사립,서울,기존,세종사이버대학교 정보보호대학원 ,48.0,100,74,19,5,2,43,33,8,1,1
2024.0,일반대학원,사립,전남,기존,세한대학교 일반대학원 ,50.0,353,21,15,152,165,318,2,0,151,165
2024.0,특수대학원,사립,광주,기존,송원대학교 휴먼산업대학원 ,50.0,72,30,37,5,0,53,20,28,5,0
2024.0,일반대학원,사립,경기,기존,수원가톨릭대학교 대학원 ,35.0,18,18,0,0,0,17,17,0,0,0
2024.0,특수대학원,사립,경기,기존,수원대학교 경영대학원 ,15.0,6,3,3,0,0,4,3,1,0,0
2024.0,특수대학원,사립,경기,기존,수원대학교 고용서비스대학원 ,25.0,28,20,8,0,0,25,19,6,0,0
2024.0,특수대학원,사립,경기,기존,수원대학교 공공정책대학원 ,35.0,41,13,28,0,0,34,12,22,0,0
2024.0,특수대학원,사립,경기,기존,수원대학교 공학대학원 ,50.0,58,48,8,1,1,45,39,5,1,0
2024.0,특수대학원,사립,경기,기존,수원대학교 교육대학원 ,120.0,214,42,172,0,0,58,14,44,0,0
2024.0,특수대학원,사립,경기,기존,수원대학교 글로벌창업대학원 ,20.0,16,11,5,0,0,11,8,3,0,0
2024.0,특수대학원,사립,경기,기존,수원대학교 문화예술대학원 ,8.0,6,3,2,0,1,6,3,2,0,1
2024.0,특수대학원,사립,경기,기존,수원대학교 미술대학원 ,31.0,15,5,10,0,0,11,5,6,0,0
2024.0,특수대학원,사립,경기,기존,수원대학교 사회복지대학원 ,30.0,29,7,22,0,0,23,7,16,0,0
2024.0,특수대학원,사립,경기,기존,수원대학교 스포츠과학대학원 ,15.0,14,12,2,0,0,14,12,2,0,0
2024.0,특수대학원,사립,경기,기존,수원대학교 음악대학원 ,30.0,29,9,20,0,0,21,7,14,0,0
2024.0,일반대학원,사립,경기,기존,수원대학교 일반대학원 ,129.0,141,53,62,17,9,120,45,54,14,7
2024.0,특수대학원,사립,경기,기존,수원대학교 호텔관광대학원 ,7.0,8,0,0,1,7,8,0,0,1,7
2024.0,특수대학원,사립,서울,기존,숙명여자대학교 TESOL・국제학대학원 ,50.0,39,3,29,0,7,25,2,18,0,5
2024.0,전문대학원,사립,서울,기존,숙명여자대학교 경영전문대학원 ,40.0,63,33,30,0,0,40,30,10,0,0
2024.0,특수대학원,사립,서울,기존,숙명여자대학교 교육대학원 ,200.0,634,22,612,0,0,196,8,188,0,0
2024.0,특수대학원,사립,서울,기존,숙명여자대학교 문화예술대학원 ,135.0,169,1,168,0,0,105,1,104,0,0
2024.0,특수대학원,사립,서울,기존,숙명여자대학교 심리치료대학원 ,66.0,185,2,183,0,0,61,0,61,0,0
2024.0,특수대학원,사립,서울,기존,숙명여자대학교 원격대학원 ,200.0,192,2,190,0,0,95,1,94,0,0
2024.0,특수대학원,사립,서울,기존,숙명여자대학교 음악치료대학원 ,42.0,127,7,120,0,0,42,2,40,0,0
2024.0,특수대학원,사립,서울,기존,숙명여자대학교 인적자원개발대학원 ,50.0,42,2,39,0,1,30,1,28,0,1
2024.0,일반대학원,사립,서울,기존,숙명여자대학교 일반대학원 ,532.0,913,0,733,0,180,478,0,409,0,69
2024.0,특수대학원,사립,서울,기존,숙명여자대학교 정책대학원 ,40.0,44,0,44,0,0,29,0,29,0,0
2024.0,특수대학원,사립,충남,기존,순천향대학교 건강과학대학원 ,32.0,47,5,42,0,0,34,3,31,0,0
2024.0,특수대학원,사립,충남,기존,순천향대학교 교육대학원 ,100.0,395,70,311,10,4,114,16,84,10,4
2024.0,일반대학원,사립,충남,기존,순천향대학교 대학원 ,259.0,343,148,121,34,40,302,128,96,33,45
2024.0,특수대학원,사립,충남,기존,순천향대학교 미래융합대학원 ,30.0,28,12,5,8,3,21,11,1,7,2
2024.0,특수대학원,사립,충남,기존,순천향대학교 법과학대학원 ,40.0,73,17,56,0,0,35,8,27,0,0
2024.0,특수대학원,사립,충남,기존,순천향대학교 창의라이프대학원 ,40.0,36,5,31,0,0,32,4,28,0,0
2024.0,특수대학원,사립,서울,기존,숭실대학교 경영대학원 ,111.0,474,68,72,65,269,363,51,50,44,218
2024.0,특수대학원,사립,서울,기존,숭실대학교 교육대학원 ,110.0,136,11,125,0,0,91,5,86,0,0
2024.0,특수대학원,사립,서울,기존,숭실대학교 기독교학대학원 ,60.0,95,40,52,1,2,72,27,42,1,2
2024.0,일반대학원,사립,서울,기존,숭실대학교 대학원 ,563.0,1119,524,314,151,130,720,342,197,110,71
2024.0,특수대학원,사립,서울,기존,숭실대학교 사회복지대학원 ,115.0,166,41,122,1,2,115,30,83,0,2
2024.0,특수대학원,사립,서울,기존,숭실대학교 안전융합대학원 ,70.0,117,91,22,4,0,69,55,10,4,0
2024.0,특수대학원,사립,서울,기존,숭실대학교 정보과학대학원 ,70.0,172,90,35,32,15,76,51,22,1,2
2024.0,특수대학원,사립,서울,기존,숭실대학교 중소기업대학원 ,50.0,63,28,20,8,7,63,28,20,8,7
2024.0,특수대학원,사립,경북,기존,신경주대학교 문화관광복지대학원 ,35.0,24,12,12,0,0,19,11,8,0,0
2024.0,일반대학원,사립,경북,기존,신경주대학교 일반대학원 ,52.0,44,27,17,0,0,38,23,15,0,0
2024.0,특수대학원,사립,부산,기존,신라대학교 교육대학원 ,63.0,224,32,182,2,8,62,13,40,1,8
2024.0,일반대학원,사립,부산,기존,신라대학교 대학원 ,123.0,380,50,101,109,120,297,42,83,85,87
2024.0,특수대학원,사립,부산,기존,신라대학교 사회복지대학원 ,25.0,31,3,28,0,0,23,3,20,0,0
2024.0,특수대학원,사립,부산,기존,신라대학교 산업융합대학원 ,32.0,40,20,14,1,5,31,17,8,1,5
2024.0,특수대학원,사립,부산,기존,신라대학교 상담치료대학원 ,25.0,40,0,39,0,1,26,0,25,0,1
2024.0,일반대학원,사립,경기,기존,신한대학교 일반대학원 ,119.0,526,69,78,136,243,443,58,59,111,215
2024.0,특수대학원,사립,경기,폐교,신한대학교 지식복지대학원 ,0.0,4,0,4,0,0,2,0,2,0,0
2024.0,특수대학원,사립,경기,신설,신한대학교 폴리마테스대학원 ,25.0,24,14,10,0,0,22,14,8,0,0
2024.0,특수대학원,사립,경기,기존,아신대학교 교육대학원 ,25.0,27,2,25,0,0,21,2,19,0,0
2024.0,특수대학원,사립,경기,기존,아신대학교 다문화교육복지대학원 ,17.0,13,4,9,0,0,8,2,6,0,0
2024.0,일반대학원,사립,경기,기존,아신대학교 대학원 ,63.0,52,24,17,6,5,44,21,16,4,3
2024.0,특수대학원,사립,경기,기존,아신대학교 상담대학원 ,40.0,34,3,31,0,0,29,3,26,0,0
2024.0,특수대학원,사립,경기,기존,아신대학교 선교대학원 ,40.0,23,14,8,0,1,18,10,7,0,1
2024.0,특수대학원,사립,경기,기존,아신대학교 신학대학원 ,100.0,93,46,36,5,6,80,41,30,4,5
2024.0,특수대학원,사립,경기,기존,아주대학교 IT융합대학원 ,39.0,55,46,9,0,0,43,36,7,0,0
2024.0,특수대학원,사립,경기,기존,아주대학교 경영대학원 ,275.0,291,200,91,0,0,238,165,73,0,0
2024.0,특수대학원,사립,경기,기존,아주대학교 공공정책대학원 ,143.0,203,107,70,12,14,172,88,58,12,14
2024.0,특수대학원,사립,경기,기존,아주대학교 공학대학원 ,103.0,127,102,25,0,0,92,73,19,0,0
2024.0,특수대학원,사립,경기,기존,아주대학교 교육대학원 ,268.0,787,117,670,0,0,247,39,208,0,0
2024.0,특수대학원,사립,경기,폐교,아주대학교 교통ITS대학원 ,50.0,65,52,13,0,0,65,52,13,0,0
2024.0,특수대학원,사립,경기,기존,아주대학교 국제대학원 ,6.0,401,0,0,258,143,121,0,0,64,57
2024.0,특수대학원,사립,경기,기존,아주대학교 글로벌제약임상대학원 ,23.0,28,7,21,0,0,21,6,15,0,0
2024.0,일반대학원,사립,경기,기존,아주대학교 대학원 ,740.0,1193,549,535,56,53,747,390,285,37,35
2024.0,전문대학원,사립,경기,기존,아주대학교 법학전문대학원 ,60.0,429,173,256,0,0,55,27,28,0,0
2024.0,특수대학원,사립,경기,기존,아주대학교 보건대학원 ,40.0,48,8,40,0,0,37,6,31,0,0
2024.0,특수대학원,사립,경기,기존,아주대학교 임상치의학대학원 ,15.0,20,9,10,1,0,18,8,9,1,0
2024.0,특수대학원,사립,경기,기존,아주대학교 정보통신대학원 ,183.0,331,181,61,80,9,293,117,30,128,18
2024.0,특수대학원,사립,경기,기존,안양대학교 경영행정대학원 ,55.0,25,5,20,0,0,24,5,19,0,0
2024.0,특수대학원,사립,인천,기존,안양대학교 경영행정대학원 _제2캠퍼스,10.0,3,0,3,0,0,3,0,3,0,0
2024.0,특수대학원,사립,경기,기존,안양대학교 교육대학원 ,80.0,75,14,59,1,1,51,9,41,1,0
2024.0,특수대학원,사립,경기,기존,안양대학교 글로벌대학원 ,70.0,53,19,7,13,14,43,19,5,9,10
2024.0,특수대학원,사립,경기,기존,안양대학교 대신신학대학원 ,30.0,17,12,4,1,0,11,9,1,1,0
2024.0,일반대학원,사립,경기,기존,안양대학교 대학원 ,63.0,71,30,28,7,6,55,22,20,7,6
2024.0,특수대학원,사립,서울,기존,연세대학교 간호대학원 ,50.0,221,19,202,0,0,50,4,46,0,0
2024.0,전문대학원,사립,서울,기존,연세대학교 경영전문대학원 ,257.0,882,432,232,135,83,395,157,79,108,51
2024.0,특수대학원,사립,서울,기존,연세대학교 경제대학원 ,105.0,309,186,122,0,1,107,69,37,0,1
2024.0,특수대학원,사립,서울,기존,연세대학교 공학대학원 ,236.0,746,537,182,25,2,258,171,62,23,2
2024.0,특수대학원,사립,서울,기존,연세대학교 교육대학원 ,386.0,1572,304,1267,0,1,400,79,321,0,0
2024.0,전문대학원,사립,서울,기존,연세대학교 국제학대학원 ,77.0,680,32,59,158,431,285,9,29,57,190
2024.0,일반대학원,사립,서울,기존,연세대학교 대학원 ,2525.0,7663,2727,3211,582,1143,2752,1187,1145,195,225
2024.0,특수대학원,사립,서울,기존,연세대학교 법무대학원 ,126.0,254,140,114,0,0,128,68,60,0,0
2024.0,전문대학원,사립,서울,기존,연세대학교 법학전문대학원 ,130.0,377,199,178,0,0,130,69,61,0,0
2024.0,특수대학원,사립,서울,기존,연세대학교 보건대학원 ,120.0,561,95,301,88,77,179,38,81,26,34
2024.0,전문대학원,사립,서울,기존,연세대학교 사회복지대학원 ,53.0,93,24,69,0,0,47,9,38,0,0
2024.0,특수대학원,사립,서울,기존,연세대학교 생활환경대학원 ,72.0,243,49,194,0,0,78,27,51,0,0
2024.0,특수대학원,사립,서울,기존,연세대학교 언론홍보대학원 ,105.0,278,104,172,2,0,108,42,65,1,0
2024.0,전문대학원,사립,서울,기존,연세대학교 연합신학대학원 ,51.0,376,93,144,112,27,55,14,29,6,6
2024.0,전문대학원,사립,서울,기존,연세대학교 정보대학원 ,62.0,319,106,94,90,29,162,33,31,76,22
2024.0,전문대학원,사립,서울,기존,연세대학교 커뮤니케이션대학원 ,51.0,243,73,140,3,27,56,18,33,2,3
2024.0,특수대학원,사립,서울,기존,연세대학교 행정대학원 ,164.0,266,117,139,9,1,151,67,77,6,1
2024.0,일반대학원,사립,강원,기존,연세대학교(미래) 대학원 _분교,250.0,492,179,133,77,103,305,134,94,35,42
2024.0,특수대학원,사립,강원,기존,연세대학교(미래) 보건과학대학원 _분교,47.0,98,32,42,12,12,67,27,25,5,10
2024.0,특수대학원,사립,강원,기존,연세대학교(미래) 정경대학원 _분교,88.0,394,54,23,142,175,194,42,21,50,81
2024.0,특수대학원,사립,대구,기존,영남대학교 경영행정대학원 ,153.0,74,45,29,0,0,61,41,20,0,0
2024.0,특수대학원,사립,경북,기존,영남대학교 공학대학원 ,45.0,58,50,4,4,0,47,40,3,4,0
2024.0,특수대학원,사립,경북,기존,영남대학교 교육대학원 ,120.0,192,45,147,0,0,109,28,81,0,0
2024.0,특수대학원,사립,대구,기존,영남대학교 문화예술디자인대학원 ,25.0,15,6,9,0,0,13,5,8,0,0
2024.0,특수대학원,사립,경북,기존,영남대학교 박정희새마을대학원 ,20.0,208,0,0,102,106,51,0,0,29,22
2024.0,전문대학원,사립,경북,기존,영남대학교 법학전문대학원 ,76.0,872,353,519,0,0,77,26,51,0,0
2024.0,일반대학원,사립,경북,기존,영남대학교 일반대학원 ,834.0,1097,260,323,267,247,678,205,234,96,143
2024.0,특수대학원,사립,대구,기존,영남대학교 환경보건대학원 ,101.0,86,20,66,0,0,74,15,59,0,0
2024.0,일반대학원,사립,경북,기존,영남신학대학교 대학원 ,29.0,32,14,18,0,0,32,14,18,0,0
2024.0,특수대학원,사립,경북,기존,영남신학대학교 미래목회대학원 ,4.0,3,1,2,0,0,3,1,2,0,0
2024.0,특수대학원,사립,경북,기존,영남신학대학교 사회복지대학원 ,2.0,3,2,1,0,0,3,2,1,0,0
2024.0,특수대학원,사립,경북,기존,영남신학대학교 상담대학원 ,9.0,11,0,11,0,0,11,0,11,0,0
2024.0,특수대학원,사립,경북,기존,영남신학대학교 성서신학대학원 ,3.0,4,0,4,0,0,4,0,4,0,0
2024.0,특수대학원,사립,경북,기존,영남신학대학교 신학대학원 ,68.0,64,25,39,0,0,64,25,39,0,0
2024.0,특수대학원,사립,경북,기존,영남신학대학교 통일선교대학원 ,3.0,1,0,1,0,0,1,0,1,0,0
2024.0,특수대학원,사립,경남,신설,영산대학교(양산) 기술창업대학원 _제2캠퍼스,8.0,6,4,2,0,0,5,4,1,0,0
2024.0,일반대학원,사립,경남,신설,영산대학교(양산) 일반대학원 _제2캠퍼스,9.0,17,4,6,4,3,14,4,5,2,3
2024.0,특수대학원,사립,부산,신설,영산대학교(해운대) 관광대학원 ,10.0,59,7,0,40,12,31,6,0,19,6
2024.0,특수대학원,사립,부산,신설,영산대학교(해운대) 미용・예술대학원 ,17.0,31,1,25,2,3,19,1,16,1,1
2024.0,특수대학원,사립,부산,신설,영산대학교(해운대) 부동산대학원 ,19.0,22,10,12,0,0,19,8,11,0,0
2024.0,특수대학원,사립,부산,신설,영산대학교(해운대) 사회과학대학원 ,24.0,66,14,17,27,8,35,9,15,5,6
2024.0,일반대학원,사립,부산,신설,영산대학교(해운대) 일반대학원 ,28.0,41,15,18,4,4,32,12,14,2,4
2024.0,일반대학원,사립,전북,기존,예수대학교 일반대학원 ,10.0,7,0,7,0,0,6,0,6,0,0
2024.0,특수대학원,사립,전북,기존,예원예술대학교 문화예술대학원 ,20.0,23,10,11,2,0,18,8,10,0,0
2024.0,특수대학원,사립,경기,기존,예원예술대학교 문화예술대학원 _제2캠퍼스,50.0,340,19,33,208,80,200,19,26,118,37
2024.0,특수대학원,사립,전북,폐교,예원예술대학교 사회복지대학원 ,15.0,26,12,14,0,0,21,8,13,0,0
2024.0,특수대학원,사립,경기,기존,용인대학교 경영대학원 ,25.0,8,4,4,0,0,6,4,2,0,0
2024.0,특수대학원,사립,경기,기존,용인대학교 교육대학원 ,127.0,153,95,58,0,0,95,63,32,0,0
2024.0,특수대학원,사립,경기,기존,용인대학교 문화예술대학원 ,33.0,26,5,21,0,0,19,4,15,0,0
2024.0,특수대학원,사립,경기,기존,용인대학교 스포츠과학대학원 ,30.0,38,30,7,1,0,25,21,3,1,0
2024.0,일반대학원,사립,경기,기존,용인대학교 일반대학원 ,84.0,80,45,31,2,2,57,31,22,1,3
2024.0,특수대학원,사립,경기,기존,용인대학교 재활복지대학원 ,35.0,65,25,40,0,0,28,13,15,0,0
2024.0,특수대학원,사립,경기,기존,용인대학교 태권도대학원 ,25.0,20,15,5,0,0,19,14,5,0,0
2024.0,특수대학원,사립,전북,기존,우석대학교 경영문화대학원 ,33.0,36,10,22,0,4,30,10,16,0,4
2024.0,특수대학원,사립,전북,기존,우석대학교 교육대학원 ,60.0,187,34,153,0,0,58,11,47,0,0
2024.0,특수대학원,사립,전북,기존,우석대학교 국방정책대학원 ,28.0,18,14,3,1,0,17,13,3,1,0
2024.0,일반대학원,사립,전북,기존,우석대학교 일반대학원 ,128.0,382,74,126,99,83,261,54,64,76,67
2024.0,특수대학원,사립,대전,기존,우송대학교 Culture-Technology융합대학원 ,7.0,38,1,1,17,19,25,1,1,10,13
2024.0,특수대학원,사립,대전,기존,우송대학교 경영대학원 ,8.0,61,3,2,13,43,59,3,2,12,42
2024.0,특수대학원,사립,대전,기존,우송대학교 글로벌외식조리대학원 ,7.0,3,2,1,0,0,2,1,1,0,0
2024.0,특수대학원,사립,대전,기존,우송대학교 보건복지대학원 ,23.0,36,14,18,0,4,30,13,15,0,2
2024.0,일반대학원,사립,대전,기존,우송대학교 일반대학원 ,36.0,467,26,9,204,228,276,23,9,119,125
2024.0,특수대학원,사립,대전,기존,우송대학교 철도융합대학원 ,23.0,22,19,1,2,0,21,18,1,2,0
2024.0,전문대학원,특별법법인,울산,기존,울산과학기술원 기술경영전문대학원 ,52.0,105,76,29,0,0,58,41,17,0,0
2024.0,특수대학원,특별법법인,울산,기존,울산과학기술원 융합경영대학원 ,0.0,23,15,8,0,0,17,11,6,0,0
2024.0,일반대학원,특별법법인,울산,기존,울산과학기술원 일반대학원 ,748.0,1935,1292,643,0,0,637,423,214,0,0
2024.0,특수대학원,사립,울산,기존,울산대학교 경영대학원 ,70.0,30,18,12,0,0,22,14,8,0,0
2024.0,특수대학원,사립,울산,기존,울산대학교 교육대학원 ,119.0,121,14,88,6,13,82,3,60,6,13
2024.0,일반대학원,사립,울산,기존,울산대학교 대학원 ,527.0,706,275,303,86,42,548,211,240,64,33
2024.0,특수대학원,사립,울산,기존,울산대학교 산업대학원 ,157.0,261,95,166,0,0,137,70,67,0,0
2024.0,특수대학원,사립,울산,기존,울산대학교 정책대학원 ,70.0,40,13,27,0,0,28,10,18,0,0
2024.0,특수대학원,사립,전북,기존,원광대학교 경영대학원 ,15.0,8,5,3,0,0,5,2,3,0,0
2024.0,특수대학원,사립,전북,기존,원광대학교 교육대학원 ,43.0,61,11,50,0,0,27,5,22,0,0
2024.0,일반대학원,사립,전북,기존,원광대학교 대학원 ,470.0,424,175,205,18,26,350,145,172,14,19
2024.0,특수대학원,사립,전북,기존,원광대학교 동양학대학원 ,67.0,33,10,23,0,0,33,10,23,0,0
2024.0,전문대학원,사립,전북,기존,원광대학교 법학전문대학원 ,60.0,1488,763,725,0,0,63,40,23,0,0
2024.0,전문대학원,사립,전북,기존,원광대학교 한의학전문대학원 ,28.0,12,2,9,0,1,9,0,8,1,0
2024.0,특수대학원,사립,전북,폐교,원광디지털대학교 웰빙문화대학원 ,48.0,71,22,49,0,0,48,11,37,0,0
2024.0,특수대학원,사립,경북,기존,위덕대학교 경영대학원 ,12.0,11,6,5,0,0,10,5,5,0,0
2024.0,특수대학원,사립,경북,기존,위덕대학교 교육대학원 ,20.0,19,6,13,0,0,16,5,11,0,0
2024.0,일반대학원,사립,경북,기존,위덕대학교 대학원 ,45.0,50,22,28,0,0,41,19,22,0,0
2024.0,특수대학원,사립,경북,기존,위덕대학교 불교대학원 ,10.0,3,3,0,0,0,3,3,0,0,0
2024.0,특수대학원,사립,경북,기존,위덕대학교 사회복지대학원 ,23.0,21,6,15,0,0,18,5,13,0,0
2024.0,특수대학원,사립,충북,기존,유원대학교 산업정보대학원 ,30.0,52,19,33,0,0,31,14,17,0,0
2024.0,특수대학원,사립,경기,기존,을지대학교 보건복지대학원 _제3캠퍼스,20.0,34,12,22,0,0,21,10,11,0,0
2024.0,일반대학원,사립,경기,기존,을지대학교 일반대학원 _제3캠퍼스,102.0,136,59,70,2,5,114,49,59,1,5
2024.0,특수대학원,사립,경기,기존,을지대학교 임상간호대학원 _제3캠퍼스,15.0,23,4,19,0,0,14,2,12,0,0
2024.0,전문대학원,사립,서울,기존,이화여자대학교 경영전문대학원 ,115.0,119,0,119,0,0,65,0,65,0,0
2024.0,특수대학원,사립,서울,기존,이화여자대학교 공연예술대학원 ,80.0,167,0,167,0,0,76,0,76,0,0
2024.0,특수대학원,사립,서울,기존,이화여자대학교 교육대학원 ,396.0,1320,0,1320,0,0,398,0,398,0,0
2024.0,전문대학원,사립,서울,기존,이화여자대학교 국제대학원 ,89.0,222,0,200,0,22,129,0,79,0,50
2024.0,일반대학원,사립,서울,기존,이화여자대학교 대학원 ,1551.0,4086,0,2750,0,1336,1740,0,1345,0,395
2024.0,특수대학원,사립,서울,기존,이화여자대학교 데이터사이언스대학원 ,60.0,95,0,95,0,0,55,0,55,0,0
2024.0,특수대학원,사립,서울,기존,이화여자대학교 디자인대학원 ,90.0,59,0,59,0,0,59,0,59,0,0
2024.0,전문대학원,사립,서울,기존,이화여자대학교 법학전문대학원 ,109.0,279,0,279,0,0,112,0,112,0,0
2024.0,특수대학원,사립,서울,기존,이화여자대학교 사회복지대학원 ,50.0,94,0,94,0,0,48,0,48,0,0
2024.0,특수대학원,사립,서울,기존,이화여자대학교 신학대학원 ,30.0,21,0,21,0,0,18,0,18,0,0
2024.0,특수대학원,사립,서울,기존,이화여자대학교 외국어교육특수대학원 ,75.0,85,0,85,0,0,45,0,45,0,0
2024.0,특수대학원,사립,서울,기존,이화여자대학교 임상바이오헬스대학원 ,94.0,176,0,176,0,0,69,0,69,0,0
2024.0,특수대학원,사립,서울,기존,이화여자대학교 임상치의학대학원 ,25.0,28,0,28,0,0,13,0,13,0,0
2024.0,특수대학원,사립,서울,기존,이화여자대학교 정책과학대학원 ,50.0,88,0,88,0,0,46,0,46,0,0
2024.0,전문대학원,사립,서울,기존,이화여자대학교 통역번역대학원 ,125.0,516,0,516,0,0,117,0,117,0,0
2024.0,특수대학원,사립,경남,기존,인제대학교 경영대학원 ,30.0,14,11,3,0,0,14,11,3,0,0
2024.0,특수대학원,사립,경남,기존,인제대학교 교육대학원 ,85.0,198,20,178,0,0,86,11,75,0,0
2024.0,특수대학원,사립,부산,기존,인제대학교 보건대학원 ,60.0,59,12,47,0,0,46,7,39,0,0
2024.0,특수대학원,사립,경남,기존,인제대학교 사회복지대학원 ,30.0,36,8,28,0,0,30,7,23,0,0
2024.0,특수대학원,사립,경남,기존,인제대학교 산업융합대학원 ,45.0,47,27,20,0,0,43,24,19,0,0
2024.0,일반대학원,사립,경남,기존,인제대학교 일반대학원 ,387.0,458,126,185,88,59,333,105,147,43,38
2024.0,일반대학원,사립,인천,기존,인천가톨릭대학교 대학원 ,20.0,8,8,0,0,0,8,8,0,0,0
2024.0,일반대학원,사립,인천,기존,인천가톨릭대학교 일반대학원 _제2캠퍼스,80.0,33,5,28,0,0,27,4,23,0,0
2024.0,특수대학원,국립대법인,인천,기존,인천대학교 경영대학원 ,40.0,52,34,17,0,1,29,19,9,0,1
2024.0,특수대학원,국립대법인,인천,기존,인천대학교 공학대학원 ,26.0,65,56,9,0,0,26,24,2,0,0
2024.0,특수대학원,국립대법인,인천,기존,인천대학교 교육대학원 ,131.0,202,39,163,0,0,98,19,79,0,0
2024.0,일반대학원,국립대법인,인천,기존,인천대학교 대학원 ,358.0,641,271,189,115,66,405,207,128,43,27
2024.0,전문대학원,국립대법인,인천,기존,인천대학교 동북아물류대학원 ,35.0,84,55,11,3,15,53,36,7,1,9
2024.0,특수대학원,국립대법인,인천,기존,인천대학교 문화대학원 ,10.0,12,8,4,0,0,10,6,4,0,0
2024.0,특수대학원,국립대법인,인천,기존,인천대학교 정보기술대학원 ,16.0,22,20,2,0,0,15,14,1,0,0
2024.0,특수대학원,국립대법인,인천,기존,인천대학교 정책대학원 ,50.0,75,30,45,0,0,57,24,33,0,0
2024.0,특수대학원,사립,인천,기존,인하대학교 경영대학원 ,100.0,98,72,26,0,0,69,53,16,0,0
2024.0,특수대학원,사립,인천,기존,인하대학교 공학대학원 ,130.0,214,173,38,1,2,146,124,20,1,1
2024.0,특수대학원,사립,인천,기존,인하대학교 교육대학원 ,200.0,662,123,539,0,0,199,36,163,0,0
2024.0,일반대학원,사립,인천,기존,인하대학교 대학원 ,833.0,1315,672,387,129,127,923,519,285,57,62
2024.0,전문대학원,사립,인천,기존,인하대학교 물류전문대학원 ,90.0,102,57,11,15,19,64,41,8,8,7
2024.0,전문대학원,사립,인천,기존,인하대학교 법학전문대학원 ,55.0,310,143,167,0,0,55,26,29,0,0
2024.0,특수대학원,사립,인천,기존,인하대학교 보건대학원 ,30.0,45,5,40,0,0,29,2,27,0,0
2024.0,특수대학원,사립,인천,기존,인하대학교 상담심리대학원 ,40.0,156,26,130,0,0,37,3,34,0,0
2024.0,특수대학원,사립,인천,기존,인하대학교 정책대학원 ,100.0,132,74,58,0,0,101,58,43,0,0
2024.0,전문대학원,사립,인천,기존,인하대학교 제조혁신전문대학원 ,36.0,109,56,6,41,6,85,40,6,33,6
2024.0,특수대학원,사립,서울,기존,장로회신학대학교 교육대학원 ,23.0,18,7,11,0,0,16,6,10,0,0
2024.0,특수대학원,사립,서울,기존,장로회신학대학교 교회음악대학원 ,16.0,25,4,21,0,0,18,4,14,0,0
2024.0,특수대학원,사립,서울,기존,장로회신학대학교 기독교와사회대학원 ,30.0,25,7,18,0,0,19,6,13,0,0
2024.0,전문대학원,사립,서울,기존,장로회신학대학교 목회전문대학원 ,74.0,129,127,2,0,0,72,71,1,0,0
2024.0,특수대학원,사립,서울,기존,장로회신학대학교 신학대학원 ,264.0,438,273,160,3,2,267,151,113,2,1
2024.0,일반대학원,사립,서울,기존,장로회신학대학교 일반대학원 ,166.0,283,191,88,2,2,169,112,54,2,1
2024.0,전문대학원,국립,광주,기존,전남대학교 경영전문대학원 ,100.0,70,34,15,16,5,56,27,9,13,7
2024.0,특수대학원,국립,광주,기존,전남대학교 교육대학원 ,195.0,289,48,241,0,0,114,28,86,0,0
2024.0,일반대학원,국립,광주,기존,전남대학교 대학원 ,1592.0,2080,805,932,183,160,1620,644,693,144,139
2024.0,전문대학원,국립,광주,기존,전남대학교 데이터사이언스대학원 ,60.0,78,50,28,0,0,59,37,21,1,0
2024.0,전문대학원,국립,광주,기존,전남대학교 문화전문대학원 ,30.0,47,11,36,0,0,26,8,18,0,0
2024.0,전문대학원,국립,광주,기존,전남대학교 법학전문대학원 ,130.0,525,230,295,0,0,132,67,65,0,0
2024.0,특수대학원,국립,광주,기존,전남대학교 산업대학원 ,80.0,100,49,16,24,11,67,30,10,18,9
2024.0,특수대학원,국립,전남,기존,전남대학교 산학협력대학원 _제2캠퍼스,40.0,258,65,26,100,67,142,19,9,65,49
2024.0,특수대학원,국립,전남,기존,전남대학교 수산해양대학원 _제2캠퍼스,20.0,4,4,0,0,0,4,4,0,0,0
2024.0,특수대학원,국립,광주,기존,전남대학교 식물방역대학원 ,10.0,6,6,0,0,0,6,6,0,0,0
2024.0,특수대학원,국립,광주,기존,전남대학교 정책대학원 ,80.0,86,40,46,0,0,72,31,41,0,0
2024.0,전문대학원,국립,광주,기존,전남대학교 치의학전문대학원 ,70.0,557,294,261,0,2,73,32,41,0,0
2024.0,특수대학원,국립,전북,기존,전북대학교 경영대학원 ,72.0,47,32,15,0,0,43,31,12,0,0
2024.0,특수대학원,국립,전북,기존,전북대학교 공공정책대학원 ,70.0,80,32,47,1,0,68,29,38,1,0
2024.0,특수대학원,국립,전북,기존,전북대학교 교육대학원 ,224.0,255,61,194,0,0,168,40,128,0,0
2024.0,일반대학원,국립,전북,기존,전북대학교 대학원 ,1069.0,2088,664,670,370,384,1427,535,493,200,199
2024.0,특수대학원,국립,전북,기존,전북대학교 법무대학원 ,27.0,10,8,2,0,0,7,5,2,0,0
2024.0,전문대학원,국립,전북,기존,전북대학교 법학전문대학원 ,90.0,569,243,326,0,0,90,43,47,0,0
2024.0,특수대학원,국립,전북,기존,전북대학교 보건대학원 ,12.0,16,1,15,0,0,12,1,11,0,0
2024.0,특수대학원,국립,전북,기존,전북대학교 산업기술대학원 ,40.0,34,27,7,0,0,24,18,6,0,0
2024.0,특수대학원,국립,전북,기존,전북대학교 생명자원과학대학원 ,14.0,15,1,14,0,0,13,1,12,0,0
2024.0,특수대학원,국립,전북,기존,전북대학교 수의방역대학원 ,10.0,9,8,1,0,0,1,1,0,0,0
2024.0,특수대학원,국립,전북,기존,전북대학교 식물방역대학원 ,10.0,4,2,2,0,0,3,2,1,0,0
2024.0,전문대학원,국립,전북,기존,전북대학교 유연인쇄전자전문대학원 ,20.0,14,1,1,5,7,12,1,1,4,6
2024.0,특수대학원,국립,전북,기존,전북대학교 정보과학대학원 ,8.0,0,0,0,0,0,0,0,0,0,0
2024.0,특수대학원,국립,전북,기존,전북대학교 환경대학원 ,25.0,17,9,8,0,0,14,8,6,0,0
2024.0,특수대학원,국립,전북,기존,전주교육대학교 교육대학원 ,188.0,69,26,43,0,0,54,19,35,0,0
2024.0,특수대학원,사립,전북,기존,전주대학교 경영행정대학원 ,33.0,32,20,12,0,0,30,18,12,0,0
2024.0,특수대학원,사립,전북,기존,전주대학교 교육대학원 ,73.0,100,30,70,0,0,61,17,44,0,0
2024.0,특수대학원,사립,전북,기존,전주대학교 문화산업대학원 ,27.0,32,4,12,14,2,30,4,11,13,2
2024.0,특수대학원,사립,전북,기존,전주대학교 보건복지대학원 ,23.0,15,6,9,0,0,13,5,8,0,0
2024.0,특수대학원,사립,전북,기존,전주대학교 상담심리대학원 ,40.0,41,5,36,0,0,34,3,31,0,0
2024.0,특수대학원,사립,전북,기존,전주대학교 선교신학대학원 ,25.0,13,9,4,0,0,12,8,4,0,0
2024.0,일반대학원,사립,전북,기존,전주대학교 일반대학원 ,150.0,266,83,107,52,24,191,69,73,32,17
2024.0,특수대학원,사립,제주,기존,제주국제대학교 교육대학원 ,13.0,14,0,14,0,0,12,0,12,0,0
2024.0,특수대학원,사립,제주,기존,제주국제대학교 사회복지임상치료대학원 ,32.0,21,2,19,0,0,16,2,14,0,0
2024.0,특수대학원,사립,제주,기존,제주국제대학교 산업대학원 ,80.0,88,60,28,0,0,68,47,21,0,0
2024.0,일반대학원,사립,제주,기존,제주국제대학교 일반대학원 ,15.0,0,0,0,0,0,0,0,0,0,0
2024.0,특수대학원,국립,제주,기존,제주대학교 경영대학원 ,61.0,59,29,30,0,0,48,25,23,0,0
2024.0,특수대학원,국립,제주,기존,제주대학교 교육대학원 ,136.0,161,50,111,0,0,88,28,60,0,0
2024.0,일반대학원,국립,제주,기존,제주대학교 대학원 ,348.0,618,199,260,77,82,448,158,197,34,59
2024.0,전문대학원,국립,제주,기존,제주대학교 법학전문대학원 ,40.0,307,131,176,0,0,44,18,26,0,0
2024.0,특수대학원,국립,제주,기존,제주대학교 보건복지대학원 ,31.0,38,11,27,0,0,28,8,20,0,0
2024.0,특수대학원,국립,제주,기존,제주대학교 사회교육대학원 ,27.0,40,5,35,0,0,29,4,25,0,0
2024.0,특수대학원,국립,제주,기존,제주대학교 산업대학원 ,40.0,31,21,10,0,0,23,16,7,0,0
2024.0,전문대학원,국립,제주,기존,제주대학교 통역번역대학원 ,25.0,32,4,23,0,5,23,3,17,0,3
2024.0,특수대학원,국립,제주,기존,제주대학교 행정대학원 ,32.0,22,10,12,0,0,18,9,9,0,0
2024.0,특수대학원,사립,광주,기존,조선대학교 경영대학원 ,26.0,9,5,4,0,0,8,4,4,0,0
2024.0,특수대학원,사립,광주,기존,조선대학교 교육대학원 ,170.0,153,68,85,0,0,84,38,46,0,0
2024.0,일반대학원,사립,광주,기존,조선대학교 대학원 ,574.0,643,253,275,77,38,500,206,223,47,24
2024.0,특수대학원,사립,광주,기존,조선대학교 디자인대학원 ,14.0,1,0,1,0,0,1,0,1,0,0
2024.0,특수대학원,사립,광주,기존,조선대학교 보건대학원 ,30.0,40,8,32,0,0,36,8,28,0,0
2024.0,특수대학원,사립,광주,기존,조선대학교 산업기술창업대학원 ,23.0,5,3,2,0,0,4,2,2,0,0
2024.0,특수대학원,사립,광주,기존,조선대학교 임상약학대학원 ,14.0,4,0,4,0,0,4,0,4,0,0
2024.0,특수대학원,사립,광주,기존,조선대학교 정책대학원 ,47.0,15,6,9,0,0,13,6,7,0,0
2024.0,특수대학원,사립,충남,기존,중부대학교 교육대학원 ,70.0,103,22,81,0,0,50,12,38,0,0
2024.0,특수대학원,사립,충남,기존,중부대학교 원격대학원 ,280.0,431,137,280,11,3,353,115,225,10,3
2024.0,일반대학원,사립,충남,기존,중부대학교 일반대학원 ,86.0,901,69,67,488,277,528,41,42,273,172
2024.0,특수대학원,사립,충남,기존,중부대학교 휴먼텍대학원 ,90.0,377,62,96,132,87,271,41,70,96,64
2024.0,특수대학원,사립,서울,기존,중앙대학교 건강간호대학원 ,50.0,132,12,120,0,0,44,5,39,0,0
2024.0,특수대학원,사립,서울,기존,중앙대학교 건설대학원 ,40.0,60,41,13,5,1,39,26,7,5,1
2024.0,전문대학원,사립,서울,기존,중앙대학교 경영전문대학원 ,75.0,116,72,25,8,11,82,47,15,8,12
2024.0,특수대학원,사립,서울,기존,중앙대학교 교육대학원 ,210.0,772,113,659,0,0,210,24,186,0,0
2024.0,특수대학원,사립,경기,기존,중앙대학교 국악교육대학원 _제2캠퍼스,40.0,7,1,6,0,0,6,1,5,0,0
2024.0,전문대학원,사립,서울,기존,중앙대학교 국제대학원 ,75.0,291,38,184,13,56,67,11,43,2,11
2024.0,특수대학원,사립,서울,기존,중앙대학교 글로벌인적자원개발대학원 ,80.0,116,61,54,1,0,71,40,30,1,0
2024.0,일반대학원,사립,서울,기존,중앙대학교 대학원 ,1145.0,3728,1038,1243,400,1047,1504,540,584,129,251
2024.0,일반대학원,사립,경기,기존,중앙대학교 대학원 _제2캠퍼스,190.0,326,89,116,36,85,186,76,62,14,34
2024.0,전문대학원,사립,서울,기존,중앙대학교 법학전문대학원 ,57.0,447,167,280,0,0,58,23,35,0,0
2024.0,특수대학원,사립,서울,기존,중앙대학교 보안대학원 ,40.0,98,73,11,13,1,55,36,5,13,1
2024.0,특수대학원,사립,서울,기존,중앙대학교 사회복지대학원 ,70.0,105,31,74,0,0,68,13,55,0,0
2024.0,특수대학원,사립,서울,기존,중앙대학교 심리서비스대학원 ,68.0,306,52,254,0,0,71,13,58,0,0
2024.0,특수대학원,사립,서울,기존,중앙대학교 예술대학원 ,123.0,284,58,134,12,80,130,39,68,3,20
2024.0,특수대학원,사립,경기,기존,중앙대학교 창업경영대학원 _제2캠퍼스,75.0,55,36,19,0,0,41,30,11,0,0
2024.0,특수대학원,사립,서울,기존,중앙대학교 첨단광고PR대학원 ,30.0,29,16,13,0,0,21,13,8,0,0
2024.0,전문대학원,사립,서울,기존,중앙대학교 첨단영상대학원 ,100.0,286,97,100,23,66,132,55,51,9,17
2024.0,특수대학원,사립,서울,기존,중앙대학교 커뮤니케이션대학원 ,41.0,56,18,38,0,0,19,8,11,0,0
2024.0,특수대학원,사립,서울,기존,중앙대학교 행정대학원 ,45.0,63,32,31,0,0,35,18,17,0,0
2024.0,일반대학원,사립,경기,기존,중앙승가대학교 대학원 ,45.0,29,15,14,0,0,25,12,13,0,0
2024.0,특수대학원,사립,충북,기존,중원대학교 사회문화대학원 ,34.0,37,32,3,1,1,35,30,3,1,1
2024.0,일반대학원,사립,충북,기존,중원대학교 일반대학원 ,54.0,71,44,18,3,6,60,35,13,7,5
2024.0,특수대학원,사립,충북,기존,중원대학교 평생학습대학원 ,6.0,8,3,5,0,0,5,2,3,0,0
2024.0,특수대학원,국립,경남,기존,진주교육대학교 교육대학원 ,230.0,106,26,80,0,0,105,27,78,0,0
2024.0,특수대학원,사립,경기,폐교,차의과학대학교 경영대학원 ,25.0,20,1,0,3,16,19,0,0,3,16
2024.0,일반대학원,사립,경기,기존,차의과학대학교 대학원 ,153.0,229,66,152,3,8,143,47,87,2,7
2024.0,특수대학원,사립,경기,기존,차의과학대학교 미술치료대학원 ,50.0,74,0,74,0,0,57,0,57,0,0
2024.0,특수대학원,사립,경기,폐교,차의과학대학교 보건산업대학원 ,30.0,41,5,36,0,0,32,3,29,0,0
2024.0,특수대학원,사립,경기,기존,차의과학대학교 스포츠의학대학원 ,60.0,111,56,55,0,0,68,33,35,0,0
2024.0,전문대학원,사립,경기,기존,차의과학대학교 의학전문대학원 ,40.0,333,173,131,10,19,42,19,21,1,1
2024.0,특수대학원,사립,경기,기존,차의과학대학교 임상상담심리대학원 ,35.0,97,20,77,0,0,35,8,27,0,0
2024.0,특수대학원,사립,경기,기존,차의과학대학교 임상약학대학원 ,20.0,21,5,16,0,0,14,4,10,0,0
2024.0,특수대학원,사립,경기,기존,차의과학대학교 통합의학대학원 ,60.0,82,20,62,0,0,66,16,50,0,0
2024.0,일반대학원,사립,경남,기존,창신대학교 대학원 ,50.0,67,16,44,6,1,56,14,36,5,1
2024.0,특수대학원,사립,경남,기존,창신대학교 복지문화대학원 ,50.0,63,5,54,0,4,54,4,46,0,4
2024.0,특수대학원,사립,경남,기존,창신대학교 부동산경영대학원 ,25.0,39,16,15,2,6,32,12,13,2,5
2024.0,특수대학원,사립,충남,기존,청운대학교 대학원 ,60.0,438,36,37,174,191,309,20,26,120,143
2024.0,특수대학원,국립,충북,기존,청주교육대학교 교육대학원 ,234.0,121,33,88,0,0,98,32,66,0,0
2024.0,특수대학원,사립,충북,기존,청주대학교 보건의료대학원 ,45.0,46,19,27,0,0,37,16,21,0,0
2024.0,특수대학원,사립,충북,기존,청주대학교 사회복지・공공정책대학원 ,50.0,46,21,25,0,0,36,14,22,0,0
2024.0,특수대학원,사립,충북,기존,청주대학교 예술대학원 ,10.0,11,6,2,2,1,9,4,2,2,1
2024.0,특수대학원,사립,충북,기존,청주대학교 융합신기술대학원 ,25.0,18,16,2,0,0,16,14,2,0,0
2024.0,일반대학원,사립,충북,기존,청주대학교 일반대학원 ,134.0,510,94,38,197,181,387,72,25,148,142
2024.0,특수대학원,사립,전남,기존,초당대학교 산업대학원 ,20.0,53,13,34,3,3,53,8,8,8,29
2024.0,일반대학원,사립,전남,기존,초당대학교 일반대학원 ,30.0,32,8,11,8,5,32,8,11,8,5
2024.0,특수대학원,사립,서울,기존,총신대학교 교육대학원 ,47.0,98,7,60,0,31,78,6,41,0,31
2024.0,특수대학원,사립,서울,기존,총신대학교 교회음악대학원 ,15.0,19,5,14,0,0,17,4,13,0,0
2024.0,전문대학원,사립,서울,기존,총신대학교 목회신학대학원 ,27.0,36,36,0,0,0,27,27,0,0,0
2024.0,특수대학원,사립,서울,기존,총신대학교 사회복지대학원 ,15.0,19,6,13,0,0,16,4,12,0,0
2024.0,특수대학원,사립,서울,기존,총신대학교 상담대학원 ,30.0,52,7,41,0,4,34,7,23,0,4
2024.0,특수대학원,사립,서울,기존,총신대학교 선교대학원 ,25.0,38,27,11,0,0,32,23,9,0,0
2024.0,특수대학원,사립,경기,기존,총신대학교 신학대학원 ,393.0,516,409,73,22,12,406,331,60,8,7
2024.0,일반대학원,사립,서울,기존,총신대학교 일반대학원 ,115.0,204,141,40,2,21,139,96,19,3,21
2024.0,특수대학원,사립,서울,기존,총신대학교 통일개발대학원 ,10.0,14,9,3,2,0,5,4,1,0,0
2024.0,특수대학원,사립,서울,기존,추계예술대학교 문화예술경영대학원 ,54.0,33,16,17,0,0,23,10,13,0,0
2024.0,일반대학원,사립,서울,기존,추계예술대학교 일반대학원 ,86.0,57,13,43,0,1,37,7,29,0,1
2024.0,특수대학원,국립,강원,기존,춘천교육대학교 교육대학원 ,283.0,121,121,0,0,0,95,30,65,0,0
2024.0,특수대학원,국립,대전,기존,충남대학교 경영대학원 ,93.0,115,70,44,0,1,93,59,34,0,0
2024.0,특수대학원,국립,대전,기존,충남대학교 교육대학원 ,245.0,491,93,351,23,24,186,49,107,13,17
2024.0,특수대학원,국립,대전,기존,충남대학교 국가정책대학원 ,40.0,84,46,38,0,0,42,20,22,0,0
2024.0,일반대학원,국립,대전,기존,충남대학교 대학원 ,1362.0,2740,1250,1044,226,220,1576,663,545,192,176
2024.0,전문대학원,국립,대전,기존,충남대학교 법학전문대학원 ,105.0,481,203,277,0,1,114,44,70,0,0
2024.0,특수대학원,국립,대전,기존,충남대학교 보건대학원 ,37.0,64,10,53,0,1,38,5,32,0,1
2024.0,전문대학원,국립,대전,기존,충남대학교 분석과학기술대학원 ,30.0,38,14,20,0,4,30,12,15,0,3
2024.0,특수대학원,국립,대전,기존,충남대학교 산업대학원 ,83.0,142,92,27,19,4,114,73,19,18,4
2024.0,전문대학원,국립,대전,기존,충남대학교 신약전문대학원 ,25.0,30,5,25,0,0,21,4,17,0,0
2024.0,전문대학원,국립,대전,기존,충남대학교 에너지과학기술대학원 ,30.0,47,26,15,4,2,34,17,11,4,2
2024.0,특수대학원,국립,대전,기존,충남대학교 특허법무대학원 ,35.0,38,19,19,0,0,29,15,14,0,0
2024.0,특수대학원,국립,대전,기존,충남대학교 평화안보대학원 ,63.0,65,36,29,0,0,49,29,20,0,0
2024.0,특수대학원,국립,대전,기존,충남대학교 행정대학원 ,65.0,97,48,45,3,1,56,33,21,1,1
2024.0,특수대학원,국립,충북,기존,충북대학교 경영대학원 ,87.0,71,43,28,0,0,51,30,21,0,0
2024.0,특수대학원,국립,충북,기존,충북대학교 교육대학원 ,154.0,176,34,142,0,0,73,17,56,0,0
2024.0,일반대학원,국립,충북,기존,충북대학교 대학원 ,1067.0,1748,766,707,156,119,1230,564,443,124,99
2024.0,특수대학원,국립,충북,기존,충북대학교 법무대학원 ,19.0,22,11,11,0,0,19,8,11,0,0
2024.0,전문대학원,국립,충북,기존,충북대학교 법학전문대학원 ,85.0,254,160,93,1,0,79,57,22,0,0
2024.0,특수대학원,국립,충북,기존,충북대학교 북방농업대학원 ,5.0,2,2,0,0,0,2,2,0,0,0
2024.0,특수대학원,국립,충북,기존,충북대학교 산업대학원 ,81.0,98,82,15,1,0,82,69,12,1,0
2024.0,특수대학원,국립,충북,기존,충북대학교 세종 국가정책대학원 ,33.0,27,14,12,1,0,22,10,11,1,0
2024.0,특수대학원,국립,충북,기존,충북대학교 수의방역대학원 ,10.0,10,7,3,0,0,5,3,2,0,0
2024.0,일반대학원,사립,경기,기존,칼빈대학교 대학원 ,30.0,338,27,62,114,135,200,6,24,76,94
2024.0,특수대학원,사립,경기,기존,칼빈신학대학원 ,60.0,127,79,48,0,0,65,34,31,0,0
2024.0,특수대학원,사립,경기,기존,평택대학교 글로벌비즈니스대학원 ,15.0,16,9,7,0,0,13,6,7,0,0
2024.0,특수대학원,사립,경기,기존,평택대학교 사회복지대학원 ,25.0,20,7,13,0,0,17,6,11,0,0
2024.0,특수대학원,사립,경기,기존,평택대학교 상담대학원 ,80.0,40,4,36,0,0,31,3,28,0,0
2024.0,일반대학원,사립,경기,기존,평택대학교 일반대학원 ,65.0,97,22,75,0,0,69,17,52,0,0
2024.0,특수대학원,사립,경기,기존,평택대학교 통번역대학원 ,15.0,23,9,14,0,0,20,7,13,0,0
2024.0,전문대학원,사립,경기,기존,평택대학교 피어선신학전문대학원 ,48.0,34,20,14,0,0,28,19,9,0,0
2024.0,일반대학원,사립,경북,기존,포항공과대학교 대학원 ,770.0,1370,907,389,44,30,618,428,156,25,9
2024.0,특수대학원,사립,경북,기존,포항공과대학교 정보통신대학원 ,55.0,0,0,0,0,0,0,0,0,0,0
2024.0,전문대학원,사립,경북,기존,포항공과대학교 친환경소재대학원 ,65.0,111,70,31,7,3,35,26,4,4,1
2024.0,특수대학원,국립,경기,신설,한경국립대학교 경영대학원 ,6.0,0,0,0,0,0,0,0,0,0,0
2024.0,특수대학원,국립,경기,기존,한경국립대학교 공공정책대학원 ,20.0,9,6,3,0,0,8,5,3,0,0
2024.0,특수대학원,국립,경기,신설,한경국립대학교 교육대학원 ,30.0,18,8,10,0,0,14,7,7,0,0
2024.0,특수대학원,국립,경기,폐교,한경국립대학교 국제개발협력대학원 ,0.0,7,1,1,3,2,1,1,0,0,0
2024.0,특수대학원,국립,경기,기존,한경국립대학교 산업대학원 ,17.0,24,10,12,2,0,17,6,10,1,0
2024.0,일반대학원,국립,경기,기존,한경국립대학교 일반대학원 ,96.0,168,81,54,22,11,121,53,40,19,9
2024.0,전문대학원,사립,경기,기존,한국공학대학교 AI융합탄소중립전문대학원 ,20.0,11,9,2,0,0,10,8,2,0,0
2024.0,특수대학원,사립,경기,기존,한국공학대학교 산업기술경영대학원 ,40.0,90,41,10,26,13,73,27,10,23,13
2024.0,전문대학원,사립,경기,기존,한국공학대학교 융합기술에너지대학원 ,37.0,50,34,8,6,2,43,32,5,4,2
2024.0,일반대학원,사립,경기,기존,한국공학대학교 일반대학원 ,101.0,93,68,18,4,3,77,59,15,2,1
2024.0,일반대학원,특별법법인,대전,기존,한국과학기술원 일반대학원 ,2310.0,6441,3069,1498,1151,723,2953,1547,651,466,289
2024.0,특수대학원,국립,충북,기존,한국교원대학교 교육대학원 ,653.0,1034,306,728,0,0,660,143,369,72,76
2024.0,전문대학원,국립,충북,기존,한국교원대학교 교육정책전문대학원 ,101.0,109,40,69,0,0,98,35,63,0,0
2024.0,일반대학원,국립,충북,기존,한국교원대학교 대학원 ,549.0,1121,278,828,7,8,403,116,269,9,9
2024.0,특수대학원,사립,충남,기존,한국기술교육대학교 IT융합과학경영산업대학원 ,50.0,143,31,8,87,17,113,18,4,75,16
2024.0,일반대학원,사립,충남,기존,한국기술교육대학교 대학원 ,141.0,203,152,31,7,13,133,83,22,12,16
2024.0,전문대학원,사립,충남,기존,한국기술교육대학교 테크노인력개발전문대학원 ,52.0,140,60,80,0,0,52,22,30,0,0
2024.0,특수대학원,국립,서울,기존,한국방송통신대학교 경영대학원 ,150.0,199,141,58,0,0,157,108,49,0,0
2024.0,특수대학원,국립,서울,기존,한국방송통신대학교 대학원 ,830.0,2061,866,1192,0,3,824,340,484,0,0
2024.0,특수대학원,사립,서울,폐교,한국성서대학교 교육대학원 ,17.0,10,0,10,0,0,8,0,8,0,0
2024.0,일반대학원,사립,서울,기존,한국성서대학교 대학원 ,20.0,26,10,16,0,0,23,9,14,0,0
2024.0,특수대학원,사립,서울,기존,한국성서대학교 보육대학원 ,0.0,5,0,5,0,0,3,0,3,0,0
2024.0,특수대학원,사립,서울,기존,한국성서대학교 사회복지대학원 ,7.0,9,3,6,0,0,6,3,3,0,0
2024.0,특수대학원,사립,서울,기존,한국성서대학교 신학대학원 ,37.0,54,21,32,1,0,45,18,27,0,0
2024.0,일반대학원,특별법법인,전남,기존,한국에너지공과대학교 대학원 ,250.0,102,67,23,10,2,51,34,12,5,0
2024.0,특수대학원,사립,서울,기존,한국외국어대학교 KFL대학원 ,100.0,104,15,54,4,31,47,4,31,0,12
2024.0,특수대학원,사립,서울,기존,한국외국어대학교 TESOL 대학원 ,60.0,48,9,39,0,0,33,8,25,0,0
2024.0,특수대학원,사립,서울,기존,한국외국어대학교 경영대학원 ,187.0,546,134,78,171,163,318,96,54,94,74
2024.0,특수대학원,사립,서울,기존,한국외국어대학교 교육대학원 ,210.0,497,103,394,0,0,117,27,90,0,0
2024.0,전문대학원,사립,서울,기존,한국외국어대학교 국제지역대학원 ,145.0,151,34,42,34,41,88,25,20,15,28
2024.0,특수대학원,사립,서울,기존,한국외국어대학교 글로벌미디어커뮤니케이션대학원 ,20.0,9,3,6,0,0,6,2,4,0,0
2024.0,전문대학원,사립,서울,기존,한국외국어대학교 법학전문대학원 ,60.0,218,104,114,0,0,56,29,27,0,0
2024.0,일반대학원,사립,서울,기존,한국외국어대학교 일반대학원 ,460.0,880,249,631,0,0,380,99,248,5,28
2024.0,특수대학원,사립,서울,폐교,한국외국어대학교 정치행정언론대학원 ,40.0,44,37,7,0,0,29,26,3,0,0
2024.0,전문대학원,사립,서울,기존,한국외국어대학교 통번역대학원 ,160.0,654,118,462,4,70,169,34,120,0,15
2024.0,전문대학원,특별법국립,충남,폐교,한국전통문화대학교 문화유산전문대학원 ,70.0,91,36,55,0,0,50,20,30,0,0
2024.0,특수대학원,특별법국립,충남,기존,한국전통문화대학교 미래문화유산대학원 ,40.0,73,29,44,0,0,45,20,25,0,0
2024.0,일반대학원,특별법국립,충남,기존,한국전통문화대학교 일반대학원 ,69.0,93,39,49,2,3,63,24,39,0,0
2024.0,일반대학원,국립,서울,기존,한국체육대학교 대학원 ,110.0,208,126,79,2,1,112,67,42,2,1
2024.0,특수대학원,국립,서울,기존,한국체육대학교 사회체육대학원 ,132.0,236,150,85,0,1,131,81,49,0,1
2024.0,특수대학원,국립,서울,기존,한국체육대학교 스포츠융복합대학원 ,20.0,20,10,10,0,0,14,7,7,0,0
2024.0,일반대학원,사립,대전,기존,한국침례신학대학교 대학원 ,46.0,31,15,16,0,0,21,10,11,0,0
2024.0,전문대학원,사립,대전,기존,한국침례신학대학교 목회신학대학원 ,10.0,9,7,2,0,0,7,5,2,0,0
2024.0,특수대학원,사립,대전,기존,한국침례신학대학교 상담대학원 ,25.0,47,21,26,0,0,25,9,16,0,0
2024.0,특수대학원,사립,대전,기존,한국침례신학대학교 신학대학원 ,203.0,187,111,74,1,1,164,98,64,1,1
2024.0,일반대학원,사립,경기,기존,한국항공대학교 대학원 ,168.0,277,164,43,54,16,211,127,34,39,11
2024.0,특수대학원,사립,경기,기존,한국항공대학교 항공・경영대학원 ,75.0,101,70,29,1,1,91,61,28,1,1
2024.0,특수대학원,사립,경기,기존,한국항공대학교 항공우주정책대학원 ,30.0,13,6,7,0,0,12,5,7,0,0
2024.0,특수대학원,사립,대전,기존,한남대학교 경영・국방전략대학원 ,60.0,26,19,6,1,0,21,18,3,0,0
2024.0,특수대학원,사립,대전,기존,한남대학교 교육대학원 ,75.0,114,21,87,1,5,40,7,28,1,4
2024.0,일반대학원,사립,대전,기존,한남대학교 대학원 ,232.0,319,98,138,45,38,237,79,107,26,25
2024.0,특수대학원,사립,대전,기존,한남대학교 사회문화・행정복지대학원 ,107.0,152,8,56,49,39,123,4,42,46,31
2024.0,특수대학원,사립,대전,기존,한남대학교 학제신학대학원 ,25.0,10,6,4,0,0,8,5,3,0,0
2024.0,특수대학원,사립,경북,기존,한동대학교 교육대학원 ,20.0,16,1,15,0,0,14,1,13,0,0
2024.0,특수대학원,사립,경북,기존,한동대학교 국제개발협력대학원 ,25.0,84,30,14,30,10,31,11,5,11,4
2024.0,특수대학원,사립,경북,기존,한동대학교 국제경영대학원 ,10.0,5,4,1,0,0,2,1,1,0,0
2024.0,전문대학원,사립,경북,기존,한동대학교 국제법률대학원 ,50.0,99,33,58,3,5,56,21,29,2,4
2024.0,특수대학원,사립,경북,기존,한동대학교 상담대학원 ,25.0,44,9,35,0,0,25,6,19,0,0
2024.0,일반대학원,사립,경북,기존,한동대학교 일반대학원 ,70.0,80,45,24,8,3,63,36,22,4,1
2024.0,특수대학원,사립,경북,기존,한동대학교 통역번역대학원 ,10.0,5,2,3,0,0,4,2,2,0,0
2024.0,특수대학원,사립,강원,기존,한라대학교 정보산업대학원 ,21.0,14,7,7,0,0,12,6,6,0,0
2024.0,특수대학원,사립,강원,기존,한림대학교 간호대학원 ,40.0,64,2,62,0,0,36,0,36,0,0
2024.0,특수대학원,사립,강원,기존,한림대학교 경영대학원 ,15.0,10,2,8,0,0,9,2,7,0,0
2024.0,특수대학원,사립,강원,기존,한림대학교 글로벌협력대학원 ,20.0,18,12,6,0,0,17,11,6,0,0
2024.0,일반대학원,사립,강원,기존,한림대학교 대학원 ,228.0,225,95,86,21,23,187,86,66,16,19
2024.0,특수대학원,사립,강원,기존,한림대학교 보건과학대학원 ,60.0,39,2,37,0,0,34,1,33,0,0
2024.0,특수대학원,사립,강원,기존,한림대학교 사회복지대학원 ,60.0,46,13,33,0,0,43,13,30,0,0
2024.0,특수대학원,사립,강원,기존,한림대학교 임상치의학대학원 ,20.0,7,2,5,0,0,4,1,3,0,0
2024.0,특수대학원,사립,강원,신설,한림대학교 창의미래융합대학원 ,30.0,25,11,14,0,0,20,9,11,0,0
2024.0,특수대학원,사립,충남,기존,한서대학교 건강증진대학원 ,10.0,7,2,5,0,0,4,1,3,0,0
2024.0,특수대학원,사립,충남,기존,한서대학교 교육대학원 ,20.0,14,4,10,0,0,10,2,8,0,0
2024.0,전문대학원,사립,충남,기존,한서대학교 국제디자인융합전문대학원 ,30.0,42,2,8,12,20,41,1,8,12,20
2024.0,일반대학원,사립,충남,기존,한서대학교 대학원 ,87.0,153,66,40,28,19,118,53,29,21,15
2024.0,특수대학원,사립,충남,기존,한서대학교 항공융합대학원 ,30.0,61,47,2,11,1,51,37,2,11,1
2024.0,특수대학원,사립,서울,기존,한성대학교 경영대학원 ,36.0,182,14,11,32,125,131,11,9,26,85
2024.0,특수대학원,사립,서울,기존,한성대학교 교육대학원 ,34.0,25,1,16,2,6,14,0,9,1,4
2024.0,특수대학원,사립,서울,기존,한성대학교 국방과학대학원 ,70.0,91,79,7,5,0,72,64,5,3,0
2024.0,특수대학원,사립,서울,기존,한성대학교 부동산대학원 ,22.0,18,10,8,0,0,1,1,0,0,0
2024.0,특수대학원,사립,서울,기존,한성대학교 예술대학원 ,31.0,52,6,26,3,17,36,4,22,2,8
2024.0,일반대학원,사립,서울,기존,한성대학교 일반대학원 ,126.0,179,61,54,27,37,124,40,43,21,20
2024.0,특수대학원,사립,서울,기존,한성대학교 지식서비스&컨설팅대학원 ,46.0,59,26,10,17,6,51,22,10,15,4
2024.0,특수대학원,사립,서울,기존,한성대학교 행정대학원 ,48.0,63,33,27,2,1,50,27,22,0,1
2024.0,일반대학원,사립,경기,기존,한세대학교 대학원 ,113.0,231,23,41,98,69,120,18,31,41,30
2024.0,특수대학원,사립,경기,기존,한세대학교 심리상담대학원 ,35.0,36,3,33,0,0,25,2,23,0,0
2024.0,특수대학원,사립,경기,기존,한세대학교 영산신학대학원 ,90.0,62,26,35,1,0,54,26,27,1,0
2024.0,특수대학원,사립,경기,기존,한세대학교 예술대학원 ,52.0,29,3,25,0,1,25,2,22,0,1
2024.0,특수대학원,사립,경기,기존,한세대학교 휴먼서비스대학원 ,73.0,29,12,17,0,0,24,11,13,0,0
2024.0,특수대학원,사립,경기,기존,한신대학교 교육대학원 ,40.0,45,17,28,0,0,36,17,19,0,0
2024.0,일반대학원,사립,경기,기존,한신대학교 대학원 ,82.0,98,64,34,0,0,70,47,23,0,0
2024.0,특수대학원,사립,서울,기존,한신대학교 사회혁신경영대학원 ,15.0,6,2,4,0,0,5,2,3,0,0
2024.0,특수대학원,사립,서울,기존,한신대학교 신학대학원 ,70.0,76,47,29,0,0,49,33,16,0,0
2024.0,특수대학원,사립,경기,기존,한신대학교 정신분석대학원 ,45.0,30,8,22,0,0,12,1,11,0,0
2024.0,특수대학원,사립,경기,기존,한신대학교 휴먼케어융합대학원 ,10.0,17,5,12,0,0,14,3,11,0,0
2024.0,전문대학원,사립,서울,기존,한양대학교 경영전문대학원 ,207.0,636,163,106,75,292,248,108,67,15,58
2024.0,특수대학원,사립,서울,기존,한양대학교 공공정책대학원 ,95.0,191,90,96,4,1,109,52,52,3,2
2024.0,특수대학원,사립,서울,기존,한양대학교 공학대학원 ,234.0,457,320,86,49,2,287,193,44,46,4
2024.0,특수대학원,사립,서울,기존,한양대학교 교육대학원 ,88.0,754,118,636,0,0,86,20,66,0,0
2024.0,특수대학원,사립,서울,기존,한양대학교 국제관광대학원 ,40.0,72,11,38,3,20,42,7,28,0,7
2024.0,전문대학원,사립,서울,폐교,한양대학교 국제학대학원 ,39.0,174,16,15,38,105,82,8,10,16,48
2024.0,전문대학원,사립,서울,기존,한양대학교 기술경영전문대학원 ,52.0,158,112,46,0,0,52,33,19,0,0
2024.0,일반대학원,사립,서울,기존,한양대학교 대학원 ,1937.0,6205,1938,1853,766,1648,2222,958,751,159,354
2024.0,전문대학원,사립,서울,기존,한양대학교 도시대학원 ,48.0,108,49,41,9,9,49,30,16,1,2
2024.0,전문대학원,사립,서울,기존,한양대학교 법학전문대학원 ,112.0,214,145,69,0,0,115,79,36,0,0
2024.0,특수대학원,사립,서울,기존,한양대학교 보건대학원 ,40.0,115,23,92,0,0,38,8,30,0,0
2024.0,특수대학원,사립,서울,기존,한양대학교 부동산융합대학원 ,130.0,370,265,103,1,1,128,90,36,1,1
2024.0,특수대학원,사립,서울,기존,한양대학교 상담심리대학원 ,84.0,452,80,372,0,0,97,17,79,0,1
2024.0,특수대학원,사립,서울,기존,한양대학교 언론정보대학원 ,50.0,166,26,44,7,89,78,19,17,2,40
2024.0,전문대학원,사립,서울,기존,한양대학교 의생명공학전문대학원 ,42.0,49,16,26,1,6,33,10,20,1,2
2024.0,특수대학원,사립,서울,기존,한양대학교 인공지능융합대학원 ,40.0,246,179,67,0,0,38,30,8,0,0
2024.0,특수대학원,사립,서울,기존,한양대학교 임상간호대학원 ,69.0,180,10,167,0,3,73,2,68,0,3
2024.0,일반대학원,사립,경기,기존,한양대학교(ERICA) 대학원 _분교,561.0,1462,446,249,300,467,796,315,165,128,188
2024.0,특수대학원,사립,경기,기존,한양대학교(ERICA) 융합산업대학원 _분교,135.0,211,114,87,3,7,172,91,72,3,6
2024.0,특수대학원,사립,서울,폐교,한양사이버대학교 경영대학원 ,108.0,186,116,55,13,2,126,80,37,8,1
2024.0,특수대학원,사립,서울,폐교,한양사이버대학교 교육정보대학원 ,45.0,82,26,52,4,0,53,15,35,3,0
2024.0,특수대학원,사립,서울,폐교,한양사이버대학교 디자인대학원 ,18.0,29,10,18,0,1,23,9,13,0,1
2024.0,특수대학원,사립,서울,폐교,한양사이버대학교 미래융합공학대학원 ,80.0,158,124,15,16,3,102,86,8,8,0
2024.0,특수대학원,사립,서울,폐교,한양사이버대학교 부동산대학원 ,42.0,90,58,29,3,0,42,27,12,3,0
2024.0,특수대학원,사립,서울,폐교,한양사이버대학교 휴먼서비스대학원 ,147.0,485,111,346,18,10,156,34,109,9,4
2024.0,특수대학원,사립,전북,기존,한일장신대학교 사회복지대학원 ,15.0,17,4,13,0,0,14,3,11,0,0
2024.0,특수대학원,사립,전북,기존,한일장신대학교 성경과교회대학원 ,2.0,0,0,0,0,0,0,0,0,0,0
2024.0,특수대학원,사립,전북,기존,한일장신대학교 신학대학원 ,44.0,19,7,12,0,0,19,7,12,0,0
2024.0,특수대학원,사립,전북,기존,한일장신대학교 심리치료대학원 ,20.0,21,2,19,0,0,16,2,14,0,0
2024.0,일반대학원,사립,전북,기존,한일장신대학교 일반대학원 ,37.0,30,13,17,0,0,27,17,10,0,0
2024.0,특수대학원,사립,경기,기존,협성대학교 교육대학원 ,14.0,19,6,13,0,0,15,5,10,0,0
2024.0,특수대학원,사립,경기,기존,협성대학교 사회복지대학원 ,6.0,22,0,0,1,21,20,0,0,1,19
2024.0,특수대학원,사립,경기,폐교,협성대학교 신학대학원 ,0.0,2,0,2,0,0,1,0,1,0,0
2024.0,특수대학원,사립,경기,기존,협성대학교 웨슬리신학대학원 ,80.0,27,22,5,0,0,27,22,5,0,0
2024.0,일반대학원,사립,경기,기존,협성대학교 일반대학원 ,49.0,33,7,8,3,15,28,6,5,3,14
2024.0,특수대학원,사립,광주,기존,호남대학교 교육대학원 ,30.0,28,2,26,0,0,20,2,18,0,0
2024.0,특수대학원,사립,광주,기존,호남대학교 사회융합대학원 ,117.0,261,63,73,88,37,217,54,57,71,35
2024.0,일반대학원,사립,광주,기존,호남대학교 일반대학원 ,149.0,329,74,94,85,76,258,54,68,70,66
2024.0,특수대학원,사립,광주,기존,호남신학대학교 교회음악대학원 ,12.0,14,5,9,0,0,14,5,9,0,0
2024.0,특수대학원,사립,광주,기존,호남신학대학교 기독교사회복지대학원 ,9.0,7,4,3,0,0,6,4,2,0,0
2024.0,특수대학원,사립,광주,기존,호남신학대학교 기독교상담대학원 ,25.0,19,1,18,0,0,16,1,15,0,0
2024.0,일반대학원,사립,광주,기존,호남신학대학교 대학원 ,29.0,17,8,9,0,0,17,8,9,0,0
2024.0,특수대학원,사립,광주,기존,호남신학대학교 신학대학원 ,105.0,64,29,35,0,0,57,24,33,0,0
2024.0,특수대학원,사립,충남,기존,호서대학교 경영대학원 ,15.0,21,12,4,1,4,21,12,4,1,4
2024.0,특수대학원,사립,충남,기존,호서대학교 교육대학원 ,20.0,27,4,23,0,0,16,2,14,0,0
2024.0,특수대학원,사립,서울,기존,호서대학교 글로벌창업대학원 ,30.0,44,27,16,1,0,37,24,12,1,0
2024.0,전문대학원,사립,충남,기존,호서대학교 기술경영전문대학원 ,46.0,69,58,11,0,0,46,42,4,0,0
2024.0,일반대학원,사립,충남,기존,호서대학교 대학원 ,224.0,637,214,89,191,143,427,169,64,102,92
2024.0,특수대학원,사립,충남,기존,호서대학교 문화복지상담대학원 ,35.0,54,11,38,2,3,43,7,31,2,3
2024.0,특수대학원,사립,충남,신설,호서대학교 벤처기술창업대학원 ,18.0,25,22,3,0,0,18,16,2,0,0
2024.0,전문대학원,사립,서울,기존,호서대학교 벤처대학원 ,92.0,215,98,38,61,18,150,74,29,35,12
2024.0,특수대학원,사립,서울,기존,호서대학교 산학융합대학원 ,10.0,4,3,1,0,0,3,2,1,0,0
2024.0,특수대학원,사립,충남,기존,호서대학교 스포츠과학대학원 ,15.0,12,5,7,0,0,11,5,6,0,0
2024.0,전문대학원,사립,충남,기존,호서대학교 연합신학전문대학원 ,53.0,76,28,27,17,4,60,21,23,12,4
2024.0,특수대학원,사립,서울,기존,홍익대학교 건축도시대학원 ,100.0,147,70,73,1,3,65,35,28,0,2
2024.0,특수대학원,사립,서울,기존,홍익대학교 경영대학원 ,0.0,14,5,9,0,0,3,1,2,0,0
2024.0,특수대학원,사립,서울,기존,홍익대학교 공연예술대학원 ,80.0,245,75,130,8,32,101,39,48,3,11
2024.0,특수대학원,사립,서울,기존,홍익대학교 교육대학원 ,40.0,85,13,72,0,0,37,2,35,0,0
2024.0,전문대학원,사립,서울,기존,홍익대학교 국제디자인전문대학원 ,80.0,133,36,81,3,13,78,21,43,2,12
2024.0,일반대학원,사립,서울,기존,홍익대학교 대학원 ,738.0,2065,405,915,178,567,980,252,454,63,211
2024.0,일반대학원,사립,세종,기존,홍익대학교 대학원 _제2캠퍼스,60.0,90,39,22,11,18,52,24,19,3,6
2024.0,특수대학원,사립,서울,기존,홍익대학교 문화예술경영대학원 ,95.0,194,44,150,0,0,98,24,74,0,0
2024.0,특수대학원,사립,세종,기존,홍익대학교 문화정보정책대학원 _제2캠퍼스,25.0,26,8,3,10,5,19,7,3,8,1
2024.0,특수대학원,사립,서울,기존,홍익대학교 미술대학원 ,120.0,176,27,149,0,0,137,23,114,0,0
2024.0,특수대학원,사립,서울,기존,홍익대학교 산업미술대학원 ,160.0,300,83,217,0,0,170,46,124,0,0
2024.0,특수대학원,사립,서울,기존,홍익대학교 영상・커뮤니케이션대학원 ,110.0,183,66,116,1,0,123,51,71,1,0
2024.0,특수대학원,사립,서울,기존,홍익대학교 패션대학원 ,50.0,88,16,51,2,19,51,11,28,1,11
